"0","lc1=poLCA(f, base_proc, nclass=1, graphs = F, nrep = 3, maxiter = 5000)"
"1","Conditional item response (column) probabilities,
 by outcome variable, for each class (row) 
 
"
"1","$contrato
"
"1","         "
"1","  Pr(1)"
"1","  Pr(2)"
"1","
class 1: "
"1"," 0.0684"
"1"," 0.9316"
"1","
"
"1","
"
"1","$contrato_duracion
"
"1","         "
"1","  Pr(1)"
"1","  Pr(2)"
"1","
class 1: "
"1"," 0.4243"
"1"," 0.5757"
"1","
"
"1","
"
"1","$contrato_sub
"
"1","         "
"1","  Pr(1)"
"1","  Pr(2)"
"1","  Pr(3)"
"1","
class 1: "
"1"," 0.6175"
"1"," 0.0371"
"1"," 0.3453"
"1","
"
"1","
"
"1","$cotiza_prev
"
"1","         "
"1","  Pr(1)"
"1","  Pr(2)"
"1","
class 1: "
"1"," 0.0889"
"1"," 0.9111"
"1","
"
"1","
"
"1","$cotiza_salud
"
"1","         "
"1","  Pr(1)"
"1","  Pr(2)"
"1","
class 1: "
"1"," 0.0699"
"1"," 0.9301"
"1","
"
"1","
"
"1","$cotiza_seguro
"
"1","         "
"1"," Pr(1)"
"1"," Pr(2)"
"1","
class 1: "
"1"," 0.209"
"1"," 0.791"
"1","
"
"1","
"
"1","$ingresos
"
"1","         "
"1","  Pr(1)"
"1","  Pr(2)"
"1","  Pr(3)"
"1"," Pr(4)"
"1","
class 1: "
"1"," 0.2469"
"1"," 0.2469"
"1"," 0.2651"
"1"," 0.241"
"1","
"
"1","
"
"1","$lugar_trab
"
"1","         "
"1","  Pr(1)"
"1","  Pr(2)"
"1","  Pr(3)"
"1","  Pr(4)"
"1","
class 1: "
"1"," 0.0759"
"1"," 0.5919"
"1"," 0.1047"
"1"," 0.2276"
"1","
"
"1","
"
"1","$cond_vacaciones
"
"1","         "
"1","  Pr(1)"
"1","  Pr(2)"
"1","
class 1: "
"1"," 0.2177"
"1"," 0.7823"
"1","
"
"1","
"
"1","$cond_enfermedad
"
"1","         "
"1","  Pr(1)"
"1","  Pr(2)"
"1","
class 1: "
"1"," 0.1011"
"1"," 0.8989"
"1","
"
"1","
"
"1","$cond_maternidad
"
"1","         "
"1","  Pr(1)"
"1","  Pr(2)"
"1","
class 1: "
"1"," 0.1576"
"1"," 0.8424"
"1","
"
"1","
"
"1","$cond_guarderia
"
"1","         "
"1","  Pr(1)"
"1","  Pr(2)"
"1","
class 1: "
"1"," 0.6989"
"1"," 0.3011"
"1","
"
"1","
"
"1","$horas
"
"1","         "
"1","  Pr(1)"
"1","  Pr(2)"
"1","  Pr(3)"
"1","
class 1: "
"1"," 0.8175"
"1"," 0.0766"
"1"," 0.1059"
"1","
"
"1","
"
"1","Estimated class population shares 
"
"1"," "
"1","1"
"1"," "
"1","
 
"
"1","Predicted class memberships (by modal posterior prob.) 
"
"1"," "
"1","1"
"1"," "
"1","
 
"
"1","========================================================= 
"
"1","Fit for"
"1"," "
"1","1"
"1"," "
"1","latent classes: 
"
"1","========================================================= 
"
"1","number of observations:"
"1"," "
"1","2531"
"1"," "
"1","
"
"1","number of estimated parameters:"
"1"," "
"1","19"
"1"," "
"1","
"
"1","residual degrees of freedom:"
"1"," "
"1","2512"
"1"," "
"1","
"
"1","maximum log-likelihood:"
"1"," "
"1","-19609.06"
"1"," "
"1","
 
"
"1","AIC("
"1",""
"1","1"
"1",""
"1","): "
"1",""
"1","39256.12"
"1",""
"1","
"
"1","BIC("
"1",""
"1","1"
"1",""
"1","): "
"1",""
"1","39367.01"
"1",""
"1","
"
"1","G^2("
"1",""
"1","1"
"1",""
"1","): "
"1",""
"1","11175.47"
"1",""
"1"," (Likelihood ratio/deviance statistic) 
"
"1","X^2("
"1",""
"1","1"
"1",""
"1","): "
"1",""
"1","5394700838"
"1",""
"1"," (Chi-square goodness of fit) 
 
"
"0","set.seed(123741) # para mantener el mismo orden de las clases"
"0",""
"0","lc2=poLCA(f, base_proc, nclass=2, graphs = F, nrep = 3, maxiter = 5000)"
"1","Model "
"1",""
"1","1"
"1",""
"1",": llik = "
"1",""
"1","-16771.28"
"1",""
"1"," ... best llik = "
"1",""
"1","-16771.28"
"1",""
"1","
"
"1","Model "
"1",""
"1","2"
"1",""
"1",": llik = "
"1",""
"1","-16771.28"
"1",""
"1"," ... best llik = "
"1",""
"1","-16771.28"
"1",""
"1","
"
"1","Model "
"1",""
"1","3"
"1",""
"1",": llik = "
"1",""
"1","-16771.28"
"1",""
"1"," ... best llik = "
"1",""
"1","-16771.28"
"1",""
"1","
"
"1","Conditional item response (column) probabilities,
 by outcome variable, for each class (row) 
 
"
"1","$contrato
"
"1","         "
"1","  Pr(1)"
"1","  Pr(2)"
"1","
class 1: "
"1"," 0.0031"
"1"," 0.9969"
"1","
class 2: "
"1"," 0.7222"
"1"," 0.2778"
"1","
"
"1","
"
"1","$contrato_duracion
"
"1","         "
"1","  Pr(1)"
"1","  Pr(2)"
"1","
class 1: "
"1"," 0.3770"
"1"," 0.6230"
"1","
class 2: "
"1"," 0.8982"
"1"," 0.1018"
"1","
"
"1","
"
"1","$contrato_sub
"
"1","         "
"1","  Pr(1)"
"1","  Pr(2)"
"1","  Pr(3)"
"1","
class 1: "
"1"," 0.6211"
"1"," 0.0126"
"1"," 0.3664"
"1","
class 2: "
"1"," 0.5823"
"1"," 0.2833"
"1"," 0.1344"
"1","
"
"1","
"
"1","$cotiza_prev
"
"1","         "
"1","  Pr(1)"
"1","  Pr(2)"
"1","
class 1: "
"1"," 0.0224"
"1"," 0.9776"
"1","
class 2: "
"1"," 0.7549"
"1"," 0.2451"
"1","
"
"1","
"
"1","$cotiza_salud
"
"1","         "
"1","  Pr(1)"
"1","  Pr(2)"
"1","
class 1: "
"1"," 0.0022"
"1"," 0.9978"
"1","
class 2: "
"1"," 0.7480"
"1"," 0.2520"
"1","
"
"1","
"
"1","$cotiza_seguro
"
"1","         "
"1","  Pr(1)"
"1","  Pr(2)"
"1","
class 1: "
"1"," 0.1506"
"1"," 0.8494"
"1","
class 2: "
"1"," 0.7943"
"1"," 0.2057"
"1","
"
"1","
"
"1","$ingresos
"
"1","         "
"1","  Pr(1)"
"1","  Pr(2)"
"1","  Pr(3)"
"1","  Pr(4)"
"1","
class 1: "
"1"," 0.2030"
"1"," 0.2538"
"1"," 0.2815"
"1"," 0.2617"
"1","
class 2: "
"1"," 0.6874"
"1"," 0.1780"
"1"," 0.1008"
"1"," 0.0339"
"1","
"
"1","
"
"1","$lugar_trab
"
"1","         "
"1","  Pr(1)"
"1","  Pr(2)"
"1","  Pr(3)"
"1","  Pr(4)"
"1","
class 1: "
"1"," 0.0826"
"1"," 0.6185"
"1"," 0.1092"
"1"," 0.1897"
"1","
class 2: "
"1"," 0.0087"
"1"," 0.3247"
"1"," 0.0596"
"1"," 0.6070"
"1","
"
"1","
"
"1","$cond_vacaciones
"
"1","         "
"1","  Pr(1)"
"1","  Pr(2)"
"1","
class 1: "
"1"," 0.1403"
"1"," 0.8597"
"1","
class 2: "
"1"," 0.9932"
"1"," 0.0068"
"1","
"
"1","
"
"1","$cond_enfermedad
"
"1","         "
"1","  Pr(1)"
"1","  Pr(2)"
"1","
class 1: "
"1"," 0.0142"
"1"," 0.9858"
"1","
class 2: "
"1"," 0.9716"
"1"," 0.0284"
"1","
"
"1","
"
"1","$cond_maternidad
"
"1","         "
"1","  Pr(1)"
"1","  Pr(2)"
"1","
class 1: "
"1"," 0.0740"
"1"," 0.9260"
"1","
class 2: "
"1"," 0.9955"
"1"," 0.0045"
"1","
"
"1","
"
"1","$cond_guarderia
"
"1","         "
"1","  Pr(1)"
"1","  Pr(2)"
"1","
class 1: "
"1"," 0.6689"
"1"," 0.3311"
"1","
class 2: "
"1"," 1.0000"
"1"," 0.0000"
"1","
"
"1","
"
"1","$horas
"
"1","         "
"1","  Pr(1)"
"1","  Pr(2)"
"1","  Pr(3)"
"1","
class 1: "
"1"," 0.8313"
"1"," 0.0631"
"1"," 0.1057"
"1","
class 2: "
"1"," 0.6794"
"1"," 0.2128"
"1"," 0.1079"
"1","
"
"1","
"
"1","Estimated class population shares 
"
"1"," "
"1","0.9092"
"1"," "
"1","0.0908"
"1"," "
"1","
 
"
"1","Predicted class memberships (by modal posterior prob.) 
"
"1"," "
"1","0.9083"
"1"," "
"1","0.0917"
"1"," "
"1","
 
"
"1","========================================================= 
"
"1","Fit for"
"1"," "
"1","2"
"1"," "
"1","latent classes: 
"
"1","========================================================= 
"
"1","number of observations:"
"1"," "
"1","2531"
"1"," "
"1","
"
"1","number of estimated parameters:"
"1"," "
"1","39"
"1"," "
"1","
"
"1","residual degrees of freedom:"
"1"," "
"1","2492"
"1"," "
"1","
"
"1","maximum log-likelihood:"
"1"," "
"1","-16771.28"
"1"," "
"1","
 
"
"1","AIC("
"1",""
"1","2"
"1",""
"1","): "
"1",""
"1","33620.56"
"1",""
"1","
"
"1","BIC("
"1",""
"1","2"
"1",""
"1","): "
"1",""
"1","33848.18"
"1",""
"1","
"
"1","G^2("
"1",""
"1","2"
"1",""
"1","): "
"1",""
"1","5499.907"
"1",""
"1"," (Likelihood ratio/deviance statistic) 
"
"1","X^2("
"1",""
"1","2"
"1",""
"1","): "
"1",""
"1","274796.5"
"1",""
"1"," (Chi-square goodness of fit) 
 
"
"0","lc3=poLCA(f, base_proc, nclass=3, graphs = F, maxiter = 5000, nrep = 3, tol=0.000001000)"
"1","Model "
"1",""
"1","1"
"1",""
"1",": llik = "
"1",""
"1","-15885.94"
"1",""
"1"," ... best llik = "
"1",""
"1","-15885.94"
"1",""
"1","
"
"1","Model "
"1",""
"1","2"
"1",""
"1",": llik = "
"1",""
"1","-15885.94"
"1",""
"1"," ... best llik = "
"1",""
"1","-15885.94"
"1",""
"1","
"
"1","Model "
"1",""
"1","3"
"1",""
"1",": llik = "
"1",""
"1","-15885.94"
"1",""
"1"," ... best llik = "
"1",""
"1","-15885.94"
"1",""
"1","
"
"1","Conditional item response (column) probabilities,
 by outcome variable, for each class (row) 
 
"
"1","$contrato
"
"1","         "
"1","  Pr(1)"
"1","  Pr(2)"
"1","
class 1: "
"1"," 0.0154"
"1"," 0.9846"
"1","
class 2: "
"1"," 0.0014"
"1"," 0.9986"
"1","
class 3: "
"1"," 0.9202"
"1"," 0.0798"
"1","
"
"1","
"
"1","$contrato_duracion
"
"1","         "
"1","  Pr(1)"
"1","  Pr(2)"
"1","
class 1: "
"1"," 0.9568"
"1"," 0.0432"
"1","
class 2: "
"1"," 0.2306"
"1"," 0.7694"
"1","
class 3: "
"1"," 0.8755"
"1"," 0.1245"
"1","
"
"1","
"
"1","$contrato_sub
"
"1","         "
"1","  Pr(1)"
"1","  Pr(2)"
"1","  Pr(3)"
"1","
class 1: "
"1"," 0.7269"
"1"," 0.0673"
"1"," 0.2058"
"1","
class 2: "
"1"," 0.5949"
"1"," 0.0000"
"1"," 0.4051"
"1","
class 3: "
"1"," 0.5316"
"1"," 0.3347"
"1"," 0.1336"
"1","
"
"1","
"
"1","$cotiza_prev
"
"1","         "
"1","  Pr(1)"
"1","  Pr(2)"
"1","
class 1: "
"1"," 0.0161"
"1"," 0.9839"
"1","
class 2: "
"1"," 0.0254"
"1"," 0.9746"
"1","
class 3: "
"1"," 0.9628"
"1"," 0.0372"
"1","
"
"1","
"
"1","$cotiza_salud
"
"1","         "
"1","  Pr(1)"
"1","  Pr(2)"
"1","
class 1: "
"1"," 0.0059"
"1"," 0.9941"
"1","
class 2: "
"1"," 0.0022"
"1"," 0.9978"
"1","
class 3: "
"1"," 0.9624"
"1"," 0.0376"
"1","
"
"1","
"
"1","$cotiza_seguro
"
"1","         "
"1","  Pr(1)"
"1","  Pr(2)"
"1","
class 1: "
"1"," 0.0739"
"1"," 0.9261"
"1","
class 2: "
"1"," 0.1717"
"1"," 0.8283"
"1","
class 3: "
"1"," 0.9941"
"1"," 0.0059"
"1","
"
"1","
"
"1","$ingresos
"
"1","         "
"1","  Pr(1)"
"1","  Pr(2)"
"1","  Pr(3)"
"1","  Pr(4)"
"1","
class 1: "
"1"," 0.4279"
"1"," 0.2473"
"1"," 0.1850"
"1"," 0.1398"
"1","
class 2: "
"1"," 0.1493"
"1"," 0.2575"
"1"," 0.3031"
"1"," 0.2901"
"1","
class 3: "
"1"," 0.7301"
"1"," 0.1358"
"1"," 0.1058"
"1"," 0.0283"
"1","
"
"1","
"
"1","$lugar_trab
"
"1","         "
"1","  Pr(1)"
"1","  Pr(2)"
"1","  Pr(3)"
"1","  Pr(4)"
"1","
class 1: "
"1"," 0.0117"
"1"," 0.4388"
"1"," 0.0995"
"1"," 0.4500"
"1","
class 2: "
"1"," 0.1002"
"1"," 0.6650"
"1"," 0.1102"
"1"," 0.1246"
"1","
class 3: "
"1"," 0.0112"
"1"," 0.2812"
"1"," 0.0623"
"1"," 0.6452"
"1","
"
"1","
"
"1","$cond_vacaciones
"
"1","         "
"1","  Pr(1)"
"1","  Pr(2)"
"1","
class 1: "
"1"," 0.7077"
"1"," 0.2923"
"1","
class 2: "
"1"," 0.0046"
"1"," 0.9954"
"1","
class 3: "
"1"," 0.9940"
"1"," 0.0060"
"1","
"
"1","
"
"1","$cond_enfermedad
"
"1","         "
"1","  Pr(1)"
"1","  Pr(2)"
"1","
class 1: "
"1"," 0.1309"
"1"," 0.8691"
"1","
class 2: "
"1"," 0.0063"
"1"," 0.9937"
"1","
class 3: "
"1"," 1.0000"
"1"," 0.0000"
"1","
"
"1","
"
"1","$cond_maternidad
"
"1","         "
"1","  Pr(1)"
"1","  Pr(2)"
"1","
class 1: "
"1"," 0.3169"
"1"," 0.6831"
"1","
class 2: "
"1"," 0.0322"
"1"," 0.9678"
"1","
class 3: "
"1"," 0.9943"
"1"," 0.0057"
"1","
"
"1","
"
"1","$cond_guarderia
"
"1","         "
"1","  Pr(1)"
"1","  Pr(2)"
"1","
class 1: "
"1"," 0.9704"
"1"," 0.0296"
"1","
class 2: "
"1"," 0.5933"
"1"," 0.4067"
"1","
class 3: "
"1"," 1.0000"
"1"," 0.0000"
"1","
"
"1","
"
"1","$horas
"
"1","         "
"1","  Pr(1)"
"1","  Pr(2)"
"1","  Pr(3)"
"1","
class 1: "
"1"," 0.7877"
"1"," 0.0934"
"1"," 0.1189"
"1","
class 2: "
"1"," 0.8402"
"1"," 0.0565"
"1"," 0.1033"
"1","
class 3: "
"1"," 0.6680"
"1"," 0.2375"
"1"," 0.0945"
"1","
"
"1","
"
"1","Estimated class population shares 
"
"1"," "
"1","0.2048"
"1"," "
"1","0.7254"
"1"," "
"1","0.0698"
"1"," "
"1","
 
"
"1","Predicted class memberships (by modal posterior prob.) 
"
"1"," "
"1","0.1829"
"1"," "
"1","0.7471"
"1"," "
"1","0.0699"
"1"," "
"1","
 
"
"1","========================================================= 
"
"1","Fit for"
"1"," "
"1","3"
"1"," "
"1","latent classes: 
"
"1","========================================================= 
"
"1","number of observations:"
"1"," "
"1","2531"
"1"," "
"1","
"
"1","number of estimated parameters:"
"1"," "
"1","59"
"1"," "
"1","
"
"1","residual degrees of freedom:"
"1"," "
"1","2472"
"1"," "
"1","
"
"1","maximum log-likelihood:"
"1"," "
"1","-15885.94"
"1"," "
"1","
 
"
"1","AIC("
"1",""
"1","3"
"1",""
"1","): "
"1",""
"1","31889.88"
"1",""
"1","
"
"1","BIC("
"1",""
"1","3"
"1",""
"1","): "
"1",""
"1","32234.22"
"1",""
"1","
"
"1","G^2("
"1",""
"1","3"
"1",""
"1","): "
"1",""
"1","3729.223"
"1",""
"1"," (Likelihood ratio/deviance statistic) 
"
"1","X^2("
"1",""
"1","3"
"1",""
"1","): "
"1",""
"1","185154.4"
"1",""
"1"," (Chi-square goodness of fit) 
 
"
"0","lc4=poLCA(f, base_proc, nclass=4, graphs = F, maxiter = 5000, nrep = 3, tol=0.000001000)"
"1","Model "
"1",""
"1","1"
"1",""
"1",": llik = "
"1",""
"1","-15564.92"
"1",""
"1"," ... best llik = "
"1",""
"1","-15564.92"
"1",""
"1","
"
"1","Model "
"1",""
"1","2"
"1",""
"1",": llik = "
"1",""
"1","-15564.92"
"1",""
"1"," ... best llik = "
"1",""
"1","-15564.92"
"1",""
"1","
"
"1","Model "
"1",""
"1","3"
"1",""
"1",": llik = "
"1",""
"1","-15564.92"
"1",""
"1"," ... best llik = "
"1",""
"1","-15564.92"
"1",""
"1","
"
"1","Conditional item response (column) probabilities,
 by outcome variable, for each class (row) 
 
"
"1","$contrato
"
"1","         "
"1","  Pr(1)"
"1","  Pr(2)"
"1","
class 1: "
"1"," 0.0184"
"1"," 0.9816"
"1","
class 2: "
"1"," 0.9203"
"1"," 0.0797"
"1","
class 3: "
"1"," 0.0000"
"1"," 1.0000"
"1","
class 4: "
"1"," 0.0034"
"1"," 0.9966"
"1","
"
"1","
"
"1","$contrato_duracion
"
"1","         "
"1","  Pr(1)"
"1","  Pr(2)"
"1","
class 1: "
"1"," 0.9617"
"1"," 0.0383"
"1","
class 2: "
"1"," 0.8753"
"1"," 0.1247"
"1","
class 3: "
"1"," 0.2506"
"1"," 0.7494"
"1","
class 4: "
"1"," 0.2601"
"1"," 0.7399"
"1","
"
"1","
"
"1","$contrato_sub
"
"1","         "
"1","  Pr(1)"
"1","  Pr(2)"
"1","  Pr(3)"
"1","
class 1: "
"1"," 0.7005"
"1"," 0.0752"
"1"," 0.2243"
"1","
class 2: "
"1"," 0.5327"
"1"," 0.3354"
"1"," 0.1319"
"1","
class 3: "
"1"," 0.8331"
"1"," 0.0007"
"1"," 0.1662"
"1","
class 4: "
"1"," 0.2731"
"1"," 0.0000"
"1"," 0.7269"
"1","
"
"1","
"
"1","$cotiza_prev
"
"1","         "
"1","  Pr(1)"
"1","  Pr(2)"
"1","
class 1: "
"1"," 0.0207"
"1"," 0.9793"
"1","
class 2: "
"1"," 0.9657"
"1"," 0.0343"
"1","
class 3: "
"1"," 0.0094"
"1"," 0.9906"
"1","
class 4: "
"1"," 0.0453"
"1"," 0.9547"
"1","
"
"1","
"
"1","$cotiza_salud
"
"1","         "
"1","  Pr(1)"
"1","  Pr(2)"
"1","
class 1: "
"1"," 0.0069"
"1"," 0.9931"
"1","
class 2: "
"1"," 0.9650"
"1"," 0.0350"
"1","
class 3: "
"1"," 0.0000"
"1"," 1.0000"
"1","
class 4: "
"1"," 0.0051"
"1"," 0.9949"
"1","
"
"1","
"
"1","$cotiza_seguro
"
"1","         "
"1","  Pr(1)"
"1","  Pr(2)"
"1","
class 1: "
"1"," 0.0885"
"1"," 0.9115"
"1","
class 2: "
"1"," 0.9944"
"1"," 0.0056"
"1","
class 3: "
"1"," 0.0042"
"1"," 0.9958"
"1","
class 4: "
"1"," 0.4001"
"1"," 0.5999"
"1","
"
"1","
"
"1","$ingresos
"
"1","         "
"1","  Pr(1)"
"1","  Pr(2)"
"1","  Pr(3)"
"1","  Pr(4)"
"1","
class 1: "
"1"," 0.4397"
"1"," 0.2487"
"1"," 0.1846"
"1"," 0.1269"
"1","
class 2: "
"1"," 0.7311"
"1"," 0.1357"
"1"," 0.1048"
"1"," 0.0284"
"1","
class 3: "
"1"," 0.1794"
"1"," 0.2596"
"1"," 0.2989"
"1"," 0.2620"
"1","
class 4: "
"1"," 0.1221"
"1"," 0.2527"
"1"," 0.2995"
"1"," 0.3258"
"1","
"
"1","
"
"1","$lugar_trab
"
"1","         "
"1","  Pr(1)"
"1","  Pr(2)"
"1","  Pr(3)"
"1","  Pr(4)"
"1","
class 1: "
"1"," 0.0127"
"1"," 0.4549"
"1"," 0.0935"
"1"," 0.4389"
"1","
class 2: "
"1"," 0.0111"
"1"," 0.2803"
"1"," 0.0625"
"1"," 0.6461"
"1","
class 3: "
"1"," 0.0231"
"1"," 0.5798"
"1"," 0.1639"
"1"," 0.2332"
"1","
class 4: "
"1"," 0.2048"
"1"," 0.7608"
"1"," 0.0344"
"1"," 0.0000"
"1","
"
"1","
"
"1","$cond_vacaciones
"
"1","         "
"1","  Pr(1)"
"1","  Pr(2)"
"1","
class 1: "
"1"," 0.8107"
"1"," 0.1893"
"1","
class 2: "
"1"," 0.9937"
"1"," 0.0063"
"1","
class 3: "
"1"," 0.0016"
"1"," 0.9984"
"1","
class 4: "
"1"," 0.0086"
"1"," 0.9914"
"1","
"
"1","
"
"1","$cond_enfermedad
"
"1","         "
"1","  Pr(1)"
"1","  Pr(2)"
"1","
class 1: "
"1"," 0.1490"
"1"," 0.8510"
"1","
class 2: "
"1"," 1.0000"
"1"," 0.0000"
"1","
class 3: "
"1"," 0.0056"
"1"," 0.9944"
"1","
class 4: "
"1"," 0.0078"
"1"," 0.9922"
"1","
"
"1","
"
"1","$cond_maternidad
"
"1","         "
"1","  Pr(1)"
"1","  Pr(2)"
"1","
class 1: "
"1"," 0.3501"
"1"," 0.6499"
"1","
class 2: "
"1"," 0.9943"
"1"," 0.0057"
"1","
class 3: "
"1"," 0.0458"
"1"," 0.9542"
"1","
class 4: "
"1"," 0.0174"
"1"," 0.9826"
"1","
"
"1","
"
"1","$cond_guarderia
"
"1","         "
"1","  Pr(1)"
"1","  Pr(2)"
"1","
class 1: "
"1"," 0.9689"
"1"," 0.0311"
"1","
class 2: "
"1"," 1.0000"
"1"," 0.0000"
"1","
class 3: "
"1"," 0.7715"
"1"," 0.2285"
"1","
class 4: "
"1"," 0.3658"
"1"," 0.6342"
"1","
"
"1","
"
"1","$horas
"
"1","         "
"1","  Pr(1)"
"1","  Pr(2)"
"1","  Pr(3)"
"1","
class 1: "
"1"," 0.7818"
"1"," 0.1014"
"1"," 0.1168"
"1","
class 2: "
"1"," 0.6688"
"1"," 0.2377"
"1"," 0.0935"
"1","
class 3: "
"1"," 0.8444"
"1"," 0.0304"
"1"," 0.1252"
"1","
class 4: "
"1"," 0.8330"
"1"," 0.0930"
"1"," 0.0740"
"1","
"
"1","
"
"1","Estimated class population shares 
"
"1"," "
"1","0.1791"
"1"," "
"1","0.0696"
"1"," "
"1","0.4461"
"1"," "
"1","0.3052"
"1"," "
"1","
 
"
"1","Predicted class memberships (by modal posterior prob.) 
"
"1"," "
"1","0.164"
"1"," "
"1","0.0695"
"1"," "
"1","0.4662"
"1"," "
"1","0.3003"
"1"," "
"1","
 
"
"1","========================================================= 
"
"1","Fit for"
"1"," "
"1","4"
"1"," "
"1","latent classes: 
"
"1","========================================================= 
"
"1","number of observations:"
"1"," "
"1","2531"
"1"," "
"1","
"
"1","number of estimated parameters:"
"1"," "
"1","79"
"1"," "
"1","
"
"1","residual degrees of freedom:"
"1"," "
"1","2452"
"1"," "
"1","
"
"1","maximum log-likelihood:"
"1"," "
"1","-15564.92"
"1"," "
"1","
 
"
"1","AIC("
"1",""
"1","4"
"1",""
"1","): "
"1",""
"1","31287.84"
"1",""
"1","
"
"1","BIC("
"1",""
"1","4"
"1",""
"1","): "
"1",""
"1","31748.91"
"1",""
"1","
"
"1","G^2("
"1",""
"1","4"
"1",""
"1","): "
"1",""
"1","3087.186"
"1",""
"1"," (Likelihood ratio/deviance statistic) 
"
"1","X^2("
"1",""
"1","4"
"1",""
"1","): "
"1",""
"1","223813.7"
"1",""
"1"," (Chi-square goodness of fit) 
 
"
"0","lc5=poLCA(f, base_proc, nclass=5, graphs = F, maxiter = 5000, nrep = 3, tol=0.000001000)"
"1","Model "
"1",""
"1","1"
"1",""
"1",": llik = "
"1",""
"1","-15441"
"1",""
"1"," ... best llik = "
"1",""
"1","-15441"
"1",""
"1","
"
"1","Model "
"1",""
"1","2"
"1",""
"1",": llik = "
"1",""
"1","-15469.25"
"1",""
"1"," ... best llik = "
"1",""
"1","-15441"
"1",""
"1","
"
"1","Model "
"1",""
"1","3"
"1",""
"1",": llik = "
"1",""
"1","-15437.16"
"1",""
"1"," ... best llik = "
"1",""
"1","-15437.16"
"1",""
"1","
"
"1","Conditional item response (column) probabilities,
 by outcome variable, for each class (row) 
 
"
"1","$contrato
"
"1","         "
"1","  Pr(1)"
"1","  Pr(2)"
"1","
class 1: "
"1"," 0.9203"
"1"," 0.0797"
"1","
class 2: "
"1"," 0.0192"
"1"," 0.9808"
"1","
class 3: "
"1"," 0.0014"
"1"," 0.9986"
"1","
class 4: "
"1"," 0.0024"
"1"," 0.9976"
"1","
class 5: "
"1"," 0.0000"
"1"," 1.0000"
"1","
"
"1","
"
"1","$contrato_duracion
"
"1","         "
"1","  Pr(1)"
"1","  Pr(2)"
"1","
class 1: "
"1"," 0.8753"
"1"," 0.1247"
"1","
class 2: "
"1"," 0.9629"
"1"," 0.0371"
"1","
class 3: "
"1"," 0.2850"
"1"," 0.7150"
"1","
class 4: "
"1"," 0.2433"
"1"," 0.7567"
"1","
class 5: "
"1"," 0.2472"
"1"," 0.7528"
"1","
"
"1","
"
"1","$contrato_sub
"
"1","         "
"1","  Pr(1)"
"1","  Pr(2)"
"1","  Pr(3)"
"1","
class 1: "
"1"," 0.5327"
"1"," 0.3355"
"1"," 0.1318"
"1","
class 2: "
"1"," 0.7090"
"1"," 0.0774"
"1"," 0.2136"
"1","
class 3: "
"1"," 0.6569"
"1"," 0.0000"
"1"," 0.3431"
"1","
class 4: "
"1"," 0.2783"
"1"," 0.0000"
"1"," 0.7217"
"1","
class 5: "
"1"," 0.9135"
"1"," 0.0014"
"1"," 0.0852"
"1","
"
"1","
"
"1","$cotiza_prev
"
"1","         "
"1","  Pr(1)"
"1","  Pr(2)"
"1","
class 1: "
"1"," 0.9661"
"1"," 0.0339"
"1","
class 2: "
"1"," 0.0220"
"1"," 0.9780"
"1","
class 3: "
"1"," 0.0094"
"1"," 0.9906"
"1","
class 4: "
"1"," 0.0491"
"1"," 0.9509"
"1","
class 5: "
"1"," 0.0107"
"1"," 0.9893"
"1","
"
"1","
"
"1","$cotiza_salud
"
"1","         "
"1","  Pr(1)"
"1","  Pr(2)"
"1","
class 1: "
"1"," 0.9654"
"1"," 0.0346"
"1","
class 2: "
"1"," 0.0071"
"1"," 0.9929"
"1","
class 3: "
"1"," 0.0000"
"1"," 1.0000"
"1","
class 4: "
"1"," 0.0060"
"1"," 0.9940"
"1","
class 5: "
"1"," 0.0000"
"1"," 1.0000"
"1","
"
"1","
"
"1","$cotiza_seguro
"
"1","         "
"1","  Pr(1)"
"1","  Pr(2)"
"1","
class 1: "
"1"," 0.9945"
"1"," 0.0055"
"1","
class 2: "
"1"," 0.0923"
"1"," 0.9077"
"1","
class 3: "
"1"," 0.0076"
"1"," 0.9924"
"1","
class 4: "
"1"," 0.4574"
"1"," 0.5426"
"1","
class 5: "
"1"," 0.0051"
"1"," 0.9949"
"1","
"
"1","
"
"1","$ingresos
"
"1","         "
"1","  Pr(1)"
"1","  Pr(2)"
"1","  Pr(3)"
"1","  Pr(4)"
"1","
class 1: "
"1"," 0.7313"
"1"," 0.1356"
"1"," 0.1047"
"1"," 0.0284"
"1","
class 2: "
"1"," 0.4378"
"1"," 0.2490"
"1"," 0.1879"
"1"," 0.1253"
"1","
class 3: "
"1"," 0.3408"
"1"," 0.4104"
"1"," 0.2488"
"1"," 0.0000"
"1","
class 4: "
"1"," 0.0669"
"1"," 0.2160"
"1"," 0.3171"
"1"," 0.4000"
"1","
class 5: "
"1"," 0.0600"
"1"," 0.1328"
"1"," 0.3297"
"1"," 0.4775"
"1","
"
"1","
"
"1","$lugar_trab
"
"1","         "
"1","  Pr(1)"
"1","  Pr(2)"
"1","  Pr(3)"
"1","  Pr(4)"
"1","
class 1: "
"1"," 0.0111"
"1"," 0.2803"
"1"," 0.0625"
"1"," 0.6461"
"1","
class 2: "
"1"," 0.0133"
"1"," 0.4360"
"1"," 0.0931"
"1"," 0.4576"
"1","
class 3: "
"1"," 0.0220"
"1"," 0.8547"
"1"," 0.1233"
"1"," 0.0000"
"1","
class 4: "
"1"," 0.2263"
"1"," 0.7387"
"1"," 0.0350"
"1"," 0.0000"
"1","
class 5: "
"1"," 0.0317"
"1"," 0.3447"
"1"," 0.1838"
"1"," 0.4398"
"1","
"
"1","
"
"1","$cond_vacaciones
"
"1","         "
"1","  Pr(1)"
"1","  Pr(2)"
"1","
class 1: "
"1"," 0.9937"
"1"," 0.0063"
"1","
class 2: "
"1"," 0.8335"
"1"," 0.1665"
"1","
class 3: "
"1"," 0.0012"
"1"," 0.9988"
"1","
class 4: "
"1"," 0.0083"
"1"," 0.9917"
"1","
class 5: "
"1"," 0.0037"
"1"," 0.9963"
"1","
"
"1","
"
"1","$cond_enfermedad
"
"1","         "
"1","  Pr(1)"
"1","  Pr(2)"
"1","
class 1: "
"1"," 1.0000"
"1"," 0.0000"
"1","
class 2: "
"1"," 0.1525"
"1"," 0.8475"
"1","
class 3: "
"1"," 0.0112"
"1"," 0.9888"
"1","
class 4: "
"1"," 0.0082"
"1"," 0.9918"
"1","
class 5: "
"1"," 0.0000"
"1"," 1.0000"
"1","
"
"1","
"
"1","$cond_maternidad
"
"1","         "
"1","  Pr(1)"
"1","  Pr(2)"
"1","
class 1: "
"1"," 0.9943"
"1"," 0.0057"
"1","
class 2: "
"1"," 0.3522"
"1"," 0.6478"
"1","
class 3: "
"1"," 0.0562"
"1"," 0.9438"
"1","
class 4: "
"1"," 0.0166"
"1"," 0.9834"
"1","
class 5: "
"1"," 0.0350"
"1"," 0.9650"
"1","
"
"1","
"
"1","$cond_guarderia
"
"1","         "
"1","  Pr(1)"
"1","  Pr(2)"
"1","
class 1: "
"1"," 1.0000"
"1"," 0.0000"
"1","
class 2: "
"1"," 0.9681"
"1"," 0.0319"
"1","
class 3: "
"1"," 0.7870"
"1"," 0.2130"
"1","
class 4: "
"1"," 0.3236"
"1"," 0.6764"
"1","
class 5: "
"1"," 0.7347"
"1"," 0.2653"
"1","
"
"1","
"
"1","$horas
"
"1","         "
"1","  Pr(1)"
"1","  Pr(2)"
"1","  Pr(3)"
"1","
class 1: "
"1"," 0.6688"
"1"," 0.2378"
"1"," 0.0934"
"1","
class 2: "
"1"," 0.7818"
"1"," 0.0992"
"1"," 0.1190"
"1","
class 3: "
"1"," 0.7914"
"1"," 0.0879"
"1"," 0.1208"
"1","
class 4: "
"1"," 0.8540"
"1"," 0.0706"
"1"," 0.0754"
"1","
class 5: "
"1"," 0.8759"
"1"," 0.0064"
"1"," 0.1178"
"1","
"
"1","
"
"1","Estimated class population shares 
"
"1"," "
"1","0.0695"
"1"," "
"1","0.1743"
"1"," "
"1","0.2585"
"1"," "
"1","0.2637"
"1"," "
"1","0.234"
"1"," "
"1","
 
"
"1","Predicted class memberships (by modal posterior prob.) 
"
"1"," "
"1","0.0695"
"1"," "
"1","0.1648"
"1"," "
"1","0.3212"
"1"," "
"1","0.2414"
"1"," "
"1","0.2031"
"1"," "
"1","
 
"
"1","========================================================= 
"
"1","Fit for"
"1"," "
"1","5"
"1"," "
"1","latent classes: 
"
"1","========================================================= 
"
"1","number of observations:"
"1"," "
"1","2531"
"1"," "
"1","
"
"1","number of estimated parameters:"
"1"," "
"1","99"
"1"," "
"1","
"
"1","residual degrees of freedom:"
"1"," "
"1","2432"
"1"," "
"1","
"
"1","maximum log-likelihood:"
"1"," "
"1","-15437.16"
"1"," "
"1","
 
"
"1","AIC("
"1",""
"1","5"
"1",""
"1","): "
"1",""
"1","31072.33"
"1",""
"1","
"
"1","BIC("
"1",""
"1","5"
"1",""
"1","): "
"1",""
"1","31650.13"
"1",""
"1","
"
"1","G^2("
"1",""
"1","5"
"1",""
"1","): "
"1",""
"1","2831.675"
"1",""
"1"," (Likelihood ratio/deviance statistic) 
"
"1","X^2("
"1",""
"1","5"
"1",""
"1","): "
"1",""
"1","213431.1"
"1",""
"1"," (Chi-square goodness of fit) 
 
"
"0","lc6=poLCA(f, base_proc, nclass=6, graphs = F, maxiter = 5000, nrep = 3, tol=0.000001000)"
"1","Model "
"1",""
"1","1"
"1",""
"1",": llik = "
"1",""
"1","-15334.98"
"1",""
"1"," ... best llik = "
"1",""
"1","-15334.98"
"1",""
"1","
"
"1","Model "
"1",""
"1","2"
"1",""
"1",": llik = "
"1",""
"1","-15380.7"
"1",""
"1"," ... best llik = "
"1",""
"1","-15334.98"
"1",""
"1","
"
"1","Model "
"1",""
"1","3"
"1",""
"1",": llik = "
"1",""
"1","-15392.38"
"1",""
"1"," ... best llik = "
"1",""
"1","-15334.98"
"1",""
"1","
"
"1","Conditional item response (column) probabilities,
 by outcome variable, for each class (row) 
 
"
"1","$contrato
"
"1","         "
"1","  Pr(1)"
"1","  Pr(2)"
"1","
class 1: "
"1"," 0.0032"
"1"," 0.9968"
"1","
class 2: "
"1"," 0.0083"
"1"," 0.9917"
"1","
class 3: "
"1"," 0.0502"
"1"," 0.9498"
"1","
class 4: "
"1"," 0.9291"
"1"," 0.0709"
"1","
class 5: "
"1"," 0.0000"
"1"," 1.0000"
"1","
class 6: "
"1"," 0.0018"
"1"," 0.9982"
"1","
"
"1","
"
"1","$contrato_duracion
"
"1","         "
"1","  Pr(1)"
"1","  Pr(2)"
"1","
class 1: "
"1"," 0.3572"
"1"," 0.6428"
"1","
class 2: "
"1"," 0.9694"
"1"," 0.0306"
"1","
class 3: "
"1"," 0.9434"
"1"," 0.0566"
"1","
class 4: "
"1"," 0.8829"
"1"," 0.1171"
"1","
class 5: "
"1"," 0.1931"
"1"," 0.8069"
"1","
class 6: "
"1"," 0.2407"
"1"," 0.7593"
"1","
"
"1","
"
"1","$contrato_sub
"
"1","         "
"1","  Pr(1)"
"1","  Pr(2)"
"1","  Pr(3)"
"1","
class 1: "
"1"," 0.6274"
"1"," 0.0000"
"1"," 0.3726"
"1","
class 2: "
"1"," 0.8278"
"1"," 0.1210"
"1"," 0.0512"
"1","
class 3: "
"1"," 0.5152"
"1"," 0.0000"
"1"," 0.4848"
"1","
class 4: "
"1"," 0.5418"
"1"," 0.3431"
"1"," 0.1151"
"1","
class 5: "
"1"," 0.8942"
"1"," 0.0000"
"1"," 0.1058"
"1","
class 6: "
"1"," 0.2276"
"1"," 0.0000"
"1"," 0.7724"
"1","
"
"1","
"
"1","$cotiza_prev
"
"1","         "
"1","  Pr(1)"
"1","  Pr(2)"
"1","
class 1: "
"1"," 0.0443"
"1"," 0.9557"
"1","
class 2: "
"1"," 0.0088"
"1"," 0.9912"
"1","
class 3: "
"1"," 0.0260"
"1"," 0.9740"
"1","
class 4: "
"1"," 0.9799"
"1"," 0.0201"
"1","
class 5: "
"1"," 0.0102"
"1"," 0.9898"
"1","
class 6: "
"1"," 0.0267"
"1"," 0.9733"
"1","
"
"1","
"
"1","$cotiza_salud
"
"1","         "
"1","  Pr(1)"
"1","  Pr(2)"
"1","
class 1: "
"1"," 0.0012"
"1"," 0.9988"
"1","
class 2: "
"1"," 0.0076"
"1"," 0.9924"
"1","
class 3: "
"1"," 0.0082"
"1"," 0.9918"
"1","
class 4: "
"1"," 0.9853"
"1"," 0.0147"
"1","
class 5: "
"1"," 0.0000"
"1"," 1.0000"
"1","
class 6: "
"1"," 0.0055"
"1"," 0.9945"
"1","
"
"1","
"
"1","$cotiza_seguro
"
"1","         "
"1","  Pr(1)"
"1","  Pr(2)"
"1","
class 1: "
"1"," 0.0724"
"1"," 0.9276"
"1","
class 2: "
"1"," 0.0305"
"1"," 0.9695"
"1","
class 3: "
"1"," 0.1912"
"1"," 0.8088"
"1","
class 4: "
"1"," 0.9943"
"1"," 0.0057"
"1","
class 5: "
"1"," 0.0070"
"1"," 0.9930"
"1","
class 6: "
"1"," 0.4491"
"1"," 0.5509"
"1","
"
"1","
"
"1","$ingresos
"
"1","         "
"1","  Pr(1)"
"1","  Pr(2)"
"1","  Pr(3)"
"1","  Pr(4)"
"1","
class 1: "
"1"," 0.4045"
"1"," 0.4470"
"1"," 0.1484"
"1"," 0.0000"
"1","
class 2: "
"1"," 0.3606"
"1"," 0.2349"
"1"," 0.2161"
"1"," 0.1883"
"1","
class 3: "
"1"," 0.5442"
"1"," 0.2317"
"1"," 0.1683"
"1"," 0.0558"
"1","
class 4: "
"1"," 0.7305"
"1"," 0.1383"
"1"," 0.1021"
"1"," 0.0291"
"1","
class 5: "
"1"," 0.0556"
"1"," 0.1538"
"1"," 0.3814"
"1"," 0.4092"
"1","
class 6: "
"1"," 0.0502"
"1"," 0.2006"
"1"," 0.3370"
"1"," 0.4122"
"1","
"
"1","
"
"1","$lugar_trab
"
"1","         "
"1","  Pr(1)"
"1","  Pr(2)"
"1","  Pr(3)"
"1","  Pr(4)"
"1","
class 1: "
"1"," 0.0212"
"1"," 0.8471"
"1"," 0.1317"
"1"," 0.0000"
"1","
class 2: "
"1"," 0.0048"
"1"," 0.1839"
"1"," 0.0567"
"1"," 0.7545"
"1","
class 3: "
"1"," 0.0305"
"1"," 0.8174"
"1"," 0.1283"
"1"," 0.0238"
"1","
class 4: "
"1"," 0.0065"
"1"," 0.2684"
"1"," 0.0639"
"1"," 0.6612"
"1","
class 5: "
"1"," 0.0419"
"1"," 0.4517"
"1"," 0.1701"
"1"," 0.3363"
"1","
class 6: "
"1"," 0.2352"
"1"," 0.7356"
"1"," 0.0293"
"1"," 0.0000"
"1","
"
"1","
"
"1","$cond_vacaciones
"
"1","         "
"1","  Pr(1)"
"1","  Pr(2)"
"1","
class 1: "
"1"," 0.0009"
"1"," 0.9991"
"1","
class 2: "
"1"," 0.7577"
"1"," 0.2423"
"1","
class 3: "
"1"," 1.0000"
"1"," 0.0000"
"1","
class 4: "
"1"," 0.9941"
"1"," 0.0059"
"1","
class 5: "
"1"," 0.0034"
"1"," 0.9966"
"1","
class 6: "
"1"," 0.0061"
"1"," 0.9939"
"1","
"
"1","
"
"1","$cond_enfermedad
"
"1","         "
"1","  Pr(1)"
"1","  Pr(2)"
"1","
class 1: "
"1"," 0.0150"
"1"," 0.9850"
"1","
class 2: "
"1"," 0.1048"
"1"," 0.8952"
"1","
class 3: "
"1"," 0.2531"
"1"," 0.7469"
"1","
class 4: "
"1"," 1.0000"
"1"," 0.0000"
"1","
class 5: "
"1"," 0.0014"
"1"," 0.9986"
"1","
class 6: "
"1"," 0.0077"
"1"," 0.9923"
"1","
"
"1","
"
"1","$cond_maternidad
"
"1","         "
"1","  Pr(1)"
"1","  Pr(2)"
"1","
class 1: "
"1"," 0.0838"
"1"," 0.9162"
"1","
class 2: "
"1"," 0.2948"
"1"," 0.7052"
"1","
class 3: "
"1"," 0.4216"
"1"," 0.5784"
"1","
class 4: "
"1"," 0.9942"
"1"," 0.0058"
"1","
class 5: "
"1"," 0.0335"
"1"," 0.9665"
"1","
class 6: "
"1"," 0.0062"
"1"," 0.9938"
"1","
"
"1","
"
"1","$cond_guarderia
"
"1","         "
"1","  Pr(1)"
"1","  Pr(2)"
"1","
class 1: "
"1"," 0.8060"
"1"," 0.1940"
"1","
class 2: "
"1"," 0.9799"
"1"," 0.0201"
"1","
class 3: "
"1"," 0.9428"
"1"," 0.0572"
"1","
class 4: "
"1"," 1.0000"
"1"," 0.0000"
"1","
class 5: "
"1"," 0.7201"
"1"," 0.2799"
"1","
class 6: "
"1"," 0.2861"
"1"," 0.7139"
"1","
"
"1","
"
"1","$horas
"
"1","         "
"1","  Pr(1)"
"1","  Pr(2)"
"1","  Pr(3)"
"1","
class 1: "
"1"," 0.7768"
"1"," 0.1130"
"1"," 0.1103"
"1","
class 2: "
"1"," 0.9276"
"1"," 0.0104"
"1"," 0.0619"
"1","
class 3: "
"1"," 0.5231"
"1"," 0.2571"
"1"," 0.2199"
"1","
class 4: "
"1"," 0.6767"
"1"," 0.2333"
"1"," 0.0900"
"1","
class 5: "
"1"," 0.8715"
"1"," 0.0072"
"1"," 0.1213"
"1","
class 6: "
"1"," 0.8562"
"1"," 0.0640"
"1"," 0.0798"
"1","
"
"1","
"
"1","Estimated class population shares 
"
"1"," "
"1","0.2353"
"1"," "
"1","0.1141"
"1"," "
"1","0.061"
"1"," "
"1","0.068"
"1"," "
"1","0.2827"
"1"," "
"1","0.2389"
"1"," "
"1","
 
"
"1","Predicted class memberships (by modal posterior prob.) 
"
"1"," "
"1","0.2544"
"1"," "
"1","0.1079"
"1"," "
"1","0.0593"
"1"," "
"1","0.068"
"1"," "
"1","0.2699"
"1"," "
"1","0.2406"
"1"," "
"1","
 
"
"1","========================================================= 
"
"1","Fit for"
"1"," "
"1","6"
"1"," "
"1","latent classes: 
"
"1","========================================================= 
"
"1","number of observations:"
"1"," "
"1","2531"
"1"," "
"1","
"
"1","number of estimated parameters:"
"1"," "
"1","119"
"1"," "
"1","
"
"1","residual degrees of freedom:"
"1"," "
"1","2412"
"1"," "
"1","
"
"1","maximum log-likelihood:"
"1"," "
"1","-15334.98"
"1"," "
"1","
 
"
"1","AIC("
"1",""
"1","6"
"1",""
"1","): "
"1",""
"1","30907.97"
"1",""
"1","
"
"1","BIC("
"1",""
"1","6"
"1",""
"1","): "
"1",""
"1","31602.5"
"1",""
"1","
"
"1","G^2("
"1",""
"1","6"
"1",""
"1","): "
"1",""
"1","2627.314"
"1",""
"1"," (Likelihood ratio/deviance statistic) 
"
"1","X^2("
"1",""
"1","6"
"1",""
"1","): "
"1",""
"1","302025.5"
"1",""
"1"," (Chi-square goodness of fit) 
 
"
"0","lc7=poLCA(f, base_proc, nclass=7, graphs = F, maxiter = 5000, nrep = 3, tol=0.000001000)"
"1","Model "
"1",""
"1","1"
"1",""
"1",": llik = "
"1",""
"1","-15261.3"
"1",""
"1"," ... best llik = "
"1",""
"1","-15261.3"
"1",""
"1","
"
"1","Model "
"1",""
"1","2"
"1",""
"1",": llik = "
"1",""
"1","-15242.28"
"1",""
"1"," ... best llik = "
"1",""
"1","-15242.28"
"1",""
"1","
"
"1","Model "
"1",""
"1","3"
"1",""
"1",": llik = "
"1",""
"1","-15258.75"
"1",""
"1"," ... best llik = "
"1",""
"1","-15242.28"
"1",""
"1","
"
"1","Conditional item response (column) probabilities,
 by outcome variable, for each class (row) 
 
"
"1","$contrato
"
"1","         "
"1","  Pr(1)"
"1","  Pr(2)"
"1","
class 1: "
"1"," 0.0000"
"1"," 1.0000"
"1","
class 2: "
"1"," 0.0584"
"1"," 0.9416"
"1","
class 3: "
"1"," 0.0081"
"1"," 0.9919"
"1","
class 4: "
"1"," 0.9293"
"1"," 0.0707"
"1","
class 5: "
"1"," 0.0498"
"1"," 0.9502"
"1","
class 6: "
"1"," 0.0015"
"1"," 0.9985"
"1","
class 7: "
"1"," 0.0017"
"1"," 0.9983"
"1","
"
"1","
"
"1","$contrato_duracion
"
"1","         "
"1","  Pr(1)"
"1","  Pr(2)"
"1","
class 1: "
"1"," 0.2048"
"1"," 0.7952"
"1","
class 2: "
"1"," 0.2616"
"1"," 0.7384"
"1","
class 3: "
"1"," 0.9695"
"1"," 0.0305"
"1","
class 4: "
"1"," 0.8886"
"1"," 0.1114"
"1","
class 5: "
"1"," 0.9400"
"1"," 0.0600"
"1","
class 6: "
"1"," 0.3195"
"1"," 0.6805"
"1","
class 7: "
"1"," 0.2498"
"1"," 0.7502"
"1","
"
"1","
"
"1","$contrato_sub
"
"1","         "
"1","  Pr(1)"
"1","  Pr(2)"
"1","  Pr(3)"
"1","
class 1: "
"1"," 0.9089"
"1"," 0.0000"
"1"," 0.0911"
"1","
class 2: "
"1"," 0.9108"
"1"," 0.0000"
"1"," 0.0892"
"1","
class 3: "
"1"," 0.8278"
"1"," 0.1220"
"1"," 0.0502"
"1","
class 4: "
"1"," 0.5392"
"1"," 0.3454"
"1"," 0.1154"
"1","
class 5: "
"1"," 0.5075"
"1"," 0.0000"
"1"," 0.4925"
"1","
class 6: "
"1"," 0.6474"
"1"," 0.0000"
"1"," 0.3526"
"1","
class 7: "
"1"," 0.2249"
"1"," 0.0000"
"1"," 0.7751"
"1","
"
"1","
"
"1","$cotiza_prev
"
"1","         "
"1","  Pr(1)"
"1","  Pr(2)"
"1","
class 1: "
"1"," 0.0121"
"1"," 0.9879"
"1","
class 2: "
"1"," 0.8986"
"1"," 0.1014"
"1","
class 3: "
"1"," 0.0081"
"1"," 0.9919"
"1","
class 4: "
"1"," 0.9803"
"1"," 0.0197"
"1","
class 5: "
"1"," 0.0266"
"1"," 0.9734"
"1","
class 6: "
"1"," 0.0098"
"1"," 0.9902"
"1","
class 7: "
"1"," 0.0102"
"1"," 0.9898"
"1","
"
"1","
"
"1","$cotiza_salud
"
"1","         "
"1","  Pr(1)"
"1","  Pr(2)"
"1","
class 1: "
"1"," 0.0000"
"1"," 1.0000"
"1","
class 2: "
"1"," 0.0895"
"1"," 0.9105"
"1","
class 3: "
"1"," 0.0077"
"1"," 0.9923"
"1","
class 4: "
"1"," 0.9858"
"1"," 0.0142"
"1","
class 5: "
"1"," 0.0083"
"1"," 0.9917"
"1","
class 6: "
"1"," 0.0000"
"1"," 1.0000"
"1","
class 7: "
"1"," 0.0032"
"1"," 0.9968"
"1","
"
"1","
"
"1","$cotiza_seguro
"
"1","         "
"1","  Pr(1)"
"1","  Pr(2)"
"1","
class 1: "
"1"," 0.0017"
"1"," 0.9983"
"1","
class 2: "
"1"," 1.0000"
"1"," 0.0000"
"1","
class 3: "
"1"," 0.0317"
"1"," 0.9683"
"1","
class 4: "
"1"," 0.9942"
"1"," 0.0058"
"1","
class 5: "
"1"," 0.1956"
"1"," 0.8044"
"1","
class 6: "
"1"," 0.0065"
"1"," 0.9935"
"1","
class 7: "
"1"," 0.4568"
"1"," 0.5432"
"1","
"
"1","
"
"1","$ingresos
"
"1","         "
"1","  Pr(1)"
"1","  Pr(2)"
"1","  Pr(3)"
"1","  Pr(4)"
"1","
class 1: "
"1"," 0.0428"
"1"," 0.1239"
"1"," 0.3674"
"1"," 0.4659"
"1","
class 2: "
"1"," 0.1401"
"1"," 0.5108"
"1"," 0.2446"
"1"," 0.1045"
"1","
class 3: "
"1"," 0.3650"
"1"," 0.2385"
"1"," 0.2171"
"1"," 0.1794"
"1","
class 4: "
"1"," 0.7350"
"1"," 0.1390"
"1"," 0.0967"
"1"," 0.0293"
"1","
class 5: "
"1"," 0.5432"
"1"," 0.2329"
"1"," 0.1633"
"1"," 0.0605"
"1","
class 6: "
"1"," 0.3689"
"1"," 0.4300"
"1"," 0.2011"
"1"," 0.0000"
"1","
class 7: "
"1"," 0.0639"
"1"," 0.2015"
"1"," 0.3257"
"1"," 0.4090"
"1","
"
"1","
"
"1","$lugar_trab
"
"1","         "
"1","  Pr(1)"
"1","  Pr(2)"
"1","  Pr(3)"
"1","  Pr(4)"
"1","
class 1: "
"1"," 0.0462"
"1"," 0.4012"
"1"," 0.1747"
"1"," 0.3778"
"1","
class 2: "
"1"," 0.0000"
"1"," 0.7195"
"1"," 0.2227"
"1"," 0.0578"
"1","
class 3: "
"1"," 0.0037"
"1"," 0.1918"
"1"," 0.0590"
"1"," 0.7455"
"1","
class 4: "
"1"," 0.0064"
"1"," 0.2695"
"1"," 0.0644"
"1"," 0.6597"
"1","
class 5: "
"1"," 0.0351"
"1"," 0.8138"
"1"," 0.1258"
"1"," 0.0254"
"1","
class 6: "
"1"," 0.0193"
"1"," 0.8364"
"1"," 0.1315"
"1"," 0.0128"
"1","
class 7: "
"1"," 0.2337"
"1"," 0.7405"
"1"," 0.0258"
"1"," 0.0000"
"1","
"
"1","
"
"1","$cond_vacaciones
"
"1","         "
"1","  Pr(1)"
"1","  Pr(2)"
"1","
class 1: "
"1"," 0.0039"
"1"," 0.9961"
"1","
class 2: "
"1"," 0.0000"
"1"," 1.0000"
"1","
class 3: "
"1"," 0.7685"
"1"," 0.2315"
"1","
class 4: "
"1"," 1.0000"
"1"," 0.0000"
"1","
class 5: "
"1"," 0.9739"
"1"," 0.0261"
"1","
class 6: "
"1"," 0.0000"
"1"," 1.0000"
"1","
class 7: "
"1"," 0.0063"
"1"," 0.9937"
"1","
"
"1","
"
"1","$cond_enfermedad
"
"1","         "
"1","  Pr(1)"
"1","  Pr(2)"
"1","
class 1: "
"1"," 0.0017"
"1"," 0.9983"
"1","
class 2: "
"1"," 0.0584"
"1"," 0.9416"
"1","
class 3: "
"1"," 0.1057"
"1"," 0.8943"
"1","
class 4: "
"1"," 1.0000"
"1"," 0.0000"
"1","
class 5: "
"1"," 0.2533"
"1"," 0.7467"
"1","
class 6: "
"1"," 0.0119"
"1"," 0.9881"
"1","
class 7: "
"1"," 0.0068"
"1"," 0.9932"
"1","
"
"1","
"
"1","$cond_maternidad
"
"1","         "
"1","  Pr(1)"
"1","  Pr(2)"
"1","
class 1: "
"1"," 0.0335"
"1"," 0.9665"
"1","
class 2: "
"1"," 0.2832"
"1"," 0.7168"
"1","
class 3: "
"1"," 0.2978"
"1"," 0.7022"
"1","
class 4: "
"1"," 1.0000"
"1"," 0.0000"
"1","
class 5: "
"1"," 0.4267"
"1"," 0.5733"
"1","
class 6: "
"1"," 0.0641"
"1"," 0.9359"
"1","
class 7: "
"1"," 0.0055"
"1"," 0.9945"
"1","
"
"1","
"
"1","$cond_guarderia
"
"1","         "
"1","  Pr(1)"
"1","  Pr(2)"
"1","
class 1: "
"1"," 0.7133"
"1"," 0.2867"
"1","
class 2: "
"1"," 0.7865"
"1"," 0.2135"
"1","
class 3: "
"1"," 0.9800"
"1"," 0.0200"
"1","
class 4: "
"1"," 1.0000"
"1"," 0.0000"
"1","
class 5: "
"1"," 0.9435"
"1"," 0.0565"
"1","
class 6: "
"1"," 0.7970"
"1"," 0.2030"
"1","
class 7: "
"1"," 0.2971"
"1"," 0.7029"
"1","
"
"1","
"
"1","$horas
"
"1","         "
"1","  Pr(1)"
"1","  Pr(2)"
"1","  Pr(3)"
"1","
class 1: "
"1"," 0.8746"
"1"," 0.0081"
"1"," 0.1173"
"1","
class 2: "
"1"," 0.8983"
"1"," 0.1017"
"1"," 0.0000"
"1","
class 3: "
"1"," 0.9315"
"1"," 0.0077"
"1"," 0.0608"
"1","
class 4: "
"1"," 0.6748"
"1"," 0.2348"
"1"," 0.0904"
"1","
class 5: "
"1"," 0.5238"
"1"," 0.2587"
"1"," 0.2174"
"1","
class 6: "
"1"," 0.7863"
"1"," 0.0914"
"1"," 0.1222"
"1","
class 7: "
"1"," 0.8497"
"1"," 0.0706"
"1"," 0.0797"
"1","
"
"1","
"
"1","Estimated class population shares 
"
"1"," "
"1","0.246"
"1"," "
"1","0.0135"
"1"," "
"1","0.1133"
"1"," "
"1","0.0675"
"1"," "
"1","0.0623"
"1"," "
"1","0.2555"
"1"," "
"1","0.2419"
"1"," "
"1","
 
"
"1","Predicted class memberships (by modal posterior prob.) 
"
"1"," "
"1","0.2525"
"1"," "
"1","0.013"
"1"," "
"1","0.1083"
"1"," "
"1","0.0676"
"1"," "
"1","0.0589"
"1"," "
"1","0.2714"
"1"," "
"1","0.2284"
"1"," "
"1","
 
"
"1","========================================================= 
"
"1","Fit for"
"1"," "
"1","7"
"1"," "
"1","latent classes: 
"
"1","========================================================= 
"
"1","number of observations:"
"1"," "
"1","2531"
"1"," "
"1","
"
"1","number of estimated parameters:"
"1"," "
"1","139"
"1"," "
"1","
"
"1","residual degrees of freedom:"
"1"," "
"1","2392"
"1"," "
"1","
"
"1","maximum log-likelihood:"
"1"," "
"1","-15242.28"
"1"," "
"1","
 
"
"1","AIC("
"1",""
"1","7"
"1",""
"1","): "
"1",""
"1","30762.57"
"1",""
"1","
"
"1","BIC("
"1",""
"1","7"
"1",""
"1","): "
"1",""
"1","31573.82"
"1",""
"1","
"
"1","G^2("
"1",""
"1","7"
"1",""
"1","): "
"1",""
"1","2441.91"
"1",""
"1"," (Likelihood ratio/deviance statistic) 
"
"1","X^2("
"1",""
"1","7"
"1",""
"1","): "
"1",""
"1","69313.61"
"1",""
"1"," (Chi-square goodness of fit) 
 
"
"0","lc8=poLCA(f, base_proc, nclass=8, graphs = F, maxiter = 5000, nrep = 3, tol=0.000001000)"
"1","Model "
"1",""
"1","1"
"1",""
"1",": llik = "
"1",""
"1","-15165.73"
"1",""
"1"," ... best llik = "
"1",""
"1","-15165.73"
"1",""
"1","
"
"1","Model "
"1",""
"1","2"
"1",""
"1",": llik = "
"1",""
"1","-15167"
"1",""
"1"," ... best llik = "
"1",""
"1","-15165.73"
"1",""
"1","
"
"1","Model "
"1",""
"1","3"
"1",""
"1",": llik = "
"1",""
"1","-15206.63"
"1",""
"1"," ... best llik = "
"1",""
"1","-15165.73"
"1",""
"1","
"
"1","Conditional item response (column) probabilities,
 by outcome variable, for each class (row) 
 
"
"1","$contrato
"
"1","         "
"1","  Pr(1)"
"1","  Pr(2)"
"1","
class 1: "
"1"," 0.0017"
"1"," 0.9983"
"1","
class 2: "
"1"," 0.9339"
"1"," 0.0661"
"1","
class 3: "
"1"," 0.0000"
"1"," 1.0000"
"1","
class 4: "
"1"," 0.0000"
"1"," 1.0000"
"1","
class 5: "
"1"," 0.0034"
"1"," 0.9966"
"1","
class 6: "
"1"," 0.0611"
"1"," 0.9389"
"1","
class 7: "
"1"," 0.0731"
"1"," 0.9269"
"1","
class 8: "
"1"," 0.0148"
"1"," 0.9852"
"1","
"
"1","
"
"1","$contrato_duracion
"
"1","         "
"1","  Pr(1)"
"1","  Pr(2)"
"1","
class 1: "
"1"," 0.2538"
"1"," 0.7462"
"1","
class 2: "
"1"," 0.8923"
"1"," 0.1077"
"1","
class 3: "
"1"," 0.3276"
"1"," 0.6724"
"1","
class 4: "
"1"," 0.1482"
"1"," 0.8518"
"1","
class 5: "
"1"," 0.9814"
"1"," 0.0186"
"1","
class 6: "
"1"," 0.2470"
"1"," 0.7530"
"1","
class 7: "
"1"," 0.9119"
"1"," 0.0881"
"1","
class 8: "
"1"," 0.6892"
"1"," 0.3108"
"1","
"
"1","
"
"1","$contrato_sub
"
"1","         "
"1","  Pr(1)"
"1","  Pr(2)"
"1","  Pr(3)"
"1","
class 1: "
"1"," 0.2482"
"1"," 0.0000"
"1"," 0.7518"
"1","
class 2: "
"1"," 0.5355"
"1"," 0.3510"
"1"," 0.1136"
"1","
class 3: "
"1"," 0.9428"
"1"," 0.0020"
"1"," 0.0553"
"1","
class 4: "
"1"," 0.7726"
"1"," 0.0000"
"1"," 0.2274"
"1","
class 5: "
"1"," 0.8138"
"1"," 0.1033"
"1"," 0.0829"
"1","
class 6: "
"1"," 0.9115"
"1"," 0.0000"
"1"," 0.0885"
"1","
class 7: "
"1"," 0.6397"
"1"," 0.0506"
"1"," 0.3097"
"1","
class 8: "
"1"," 0.4694"
"1"," 0.0000"
"1"," 0.5306"
"1","
"
"1","
"
"1","$cotiza_prev
"
"1","         "
"1","  Pr(1)"
"1","  Pr(2)"
"1","
class 1: "
"1"," 0.0113"
"1"," 0.9887"
"1","
class 2: "
"1"," 0.9936"
"1"," 0.0064"
"1","
class 3: "
"1"," 0.0067"
"1"," 0.9933"
"1","
class 4: "
"1"," 0.0125"
"1"," 0.9875"
"1","
class 5: "
"1"," 0.0040"
"1"," 0.9960"
"1","
class 6: "
"1"," 0.9307"
"1"," 0.0693"
"1","
class 7: "
"1"," 0.0535"
"1"," 0.9465"
"1","
class 8: "
"1"," 0.0066"
"1"," 0.9934"
"1","
"
"1","
"
"1","$cotiza_salud
"
"1","         "
"1","  Pr(1)"
"1","  Pr(2)"
"1","
class 1: "
"1"," 0.0032"
"1"," 0.9968"
"1","
class 2: "
"1"," 0.9936"
"1"," 0.0064"
"1","
class 3: "
"1"," 0.0000"
"1"," 1.0000"
"1","
class 4: "
"1"," 0.0000"
"1"," 1.0000"
"1","
class 5: "
"1"," 0.0083"
"1"," 0.9917"
"1","
class 6: "
"1"," 0.0929"
"1"," 0.9071"
"1","
class 7: "
"1"," 0.0239"
"1"," 0.9761"
"1","
class 8: "
"1"," 0.0000"
"1"," 1.0000"
"1","
"
"1","
"
"1","$cotiza_seguro
"
"1","         "
"1","  Pr(1)"
"1","  Pr(2)"
"1","
class 1: "
"1"," 0.4491"
"1"," 0.5509"
"1","
class 2: "
"1"," 1.0000"
"1"," 0.0000"
"1","
class 3: "
"1"," 0.0000"
"1"," 1.0000"
"1","
class 4: "
"1"," 0.0000"
"1"," 1.0000"
"1","
class 5: "
"1"," 0.0354"
"1"," 0.9646"
"1","
class 6: "
"1"," 1.0000"
"1"," 0.0000"
"1","
class 7: "
"1"," 0.1724"
"1"," 0.8276"
"1","
class 8: "
"1"," 0.1005"
"1"," 0.8995"
"1","
"
"1","
"
"1","$ingresos
"
"1","         "
"1","  Pr(1)"
"1","  Pr(2)"
"1","  Pr(3)"
"1","  Pr(4)"
"1","
class 1: "
"1"," 0.0489"
"1"," 0.2086"
"1"," 0.3221"
"1"," 0.4204"
"1","
class 2: "
"1"," 0.7380"
"1"," 0.1368"
"1"," 0.0955"
"1"," 0.0297"
"1","
class 3: "
"1"," 0.0553"
"1"," 0.0833"
"1"," 0.2784"
"1"," 0.5831"
"1","
class 4: "
"1"," 0.1405"
"1"," 0.3538"
"1"," 0.3380"
"1"," 0.1676"
"1","
class 5: "
"1"," 0.3522"
"1"," 0.2359"
"1"," 0.2522"
"1"," 0.1597"
"1","
class 6: "
"1"," 0.1269"
"1"," 0.5191"
"1"," 0.2504"
"1"," 0.1036"
"1","
class 7: "
"1"," 0.4437"
"1"," 0.3278"
"1"," 0.0966"
"1"," 0.1319"
"1","
class 8: "
"1"," 0.7273"
"1"," 0.1816"
"1"," 0.0911"
"1"," 0.0000"
"1","
"
"1","
"
"1","$lugar_trab
"
"1","         "
"1","  Pr(1)"
"1","  Pr(2)"
"1","  Pr(3)"
"1","  Pr(4)"
"1","
class 1: "
"1"," 0.2392"
"1"," 0.7326"
"1"," 0.0282"
"1"," 0.0000"
"1","
class 2: "
"1"," 0.0061"
"1"," 0.2683"
"1"," 0.0654"
"1"," 0.6602"
"1","
class 3: "
"1"," 0.0001"
"1"," 0.0000"
"1"," 0.1733"
"1"," 0.8266"
"1","
class 4: "
"1"," 0.0400"
"1"," 0.7670"
"1"," 0.1554"
"1"," 0.0376"
"1","
class 5: "
"1"," 0.0000"
"1"," 0.2658"
"1"," 0.0766"
"1"," 0.6576"
"1","
class 6: "
"1"," 0.0000"
"1"," 0.7213"
"1"," 0.2176"
"1"," 0.0611"
"1","
class 7: "
"1"," 0.0367"
"1"," 0.5581"
"1"," 0.0964"
"1"," 0.3088"
"1","
class 8: "
"1"," 0.0352"
"1"," 0.8631"
"1"," 0.1018"
"1"," 0.0000"
"1","
"
"1","
"
"1","$cond_vacaciones
"
"1","         "
"1","  Pr(1)"
"1","  Pr(2)"
"1","
class 1: "
"1"," 0.0084"
"1"," 0.9916"
"1","
class 2: "
"1"," 1.0000"
"1"," 0.0000"
"1","
class 3: "
"1"," 0.0061"
"1"," 0.9939"
"1","
class 4: "
"1"," 0.0000"
"1"," 1.0000"
"1","
class 5: "
"1"," 0.7367"
"1"," 0.2633"
"1","
class 6: "
"1"," 0.0000"
"1"," 1.0000"
"1","
class 7: "
"1"," 0.9398"
"1"," 0.0602"
"1","
class 8: "
"1"," 0.2504"
"1"," 0.7496"
"1","
"
"1","
"
"1","$cond_enfermedad
"
"1","         "
"1","  Pr(1)"
"1","  Pr(2)"
"1","
class 1: "
"1"," 0.0059"
"1"," 0.9941"
"1","
class 2: "
"1"," 1.0000"
"1"," 0.0000"
"1","
class 3: "
"1"," 0.0000"
"1"," 1.0000"
"1","
class 4: "
"1"," 0.0086"
"1"," 0.9914"
"1","
class 5: "
"1"," 0.0000"
"1"," 1.0000"
"1","
class 6: "
"1"," 0.0610"
"1"," 0.9390"
"1","
class 7: "
"1"," 0.6598"
"1"," 0.3402"
"1","
class 8: "
"1"," 0.0071"
"1"," 0.9929"
"1","
"
"1","
"
"1","$cond_maternidad
"
"1","         "
"1","  Pr(1)"
"1","  Pr(2)"
"1","
class 1: "
"1"," 0.0035"
"1"," 0.9965"
"1","
class 2: "
"1"," 1.0000"
"1"," 0.0000"
"1","
class 3: "
"1"," 0.0133"
"1"," 0.9867"
"1","
class 4: "
"1"," 0.0605"
"1"," 0.9395"
"1","
class 5: "
"1"," 0.1938"
"1"," 0.8062"
"1","
class 6: "
"1"," 0.2815"
"1"," 0.7185"
"1","
class 7: "
"1"," 0.8890"
"1"," 0.1110"
"1","
class 8: "
"1"," 0.0531"
"1"," 0.9469"
"1","
"
"1","
"
"1","$cond_guarderia
"
"1","         "
"1","  Pr(1)"
"1","  Pr(2)"
"1","
class 1: "
"1"," 0.2742"
"1"," 0.7258"
"1","
class 2: "
"1"," 1.0000"
"1"," 0.0000"
"1","
class 3: "
"1"," 0.6823"
"1"," 0.3177"
"1","
class 4: "
"1"," 0.7772"
"1"," 0.2228"
"1","
class 5: "
"1"," 0.9780"
"1"," 0.0220"
"1","
class 6: "
"1"," 0.7863"
"1"," 0.2137"
"1","
class 7: "
"1"," 1.0000"
"1"," 0.0000"
"1","
class 8: "
"1"," 0.8278"
"1"," 0.1722"
"1","
"
"1","
"
"1","$horas
"
"1","         "
"1","  Pr(1)"
"1","  Pr(2)"
"1","  Pr(3)"
"1","
class 1: "
"1"," 0.8567"
"1"," 0.0657"
"1"," 0.0777"
"1","
class 2: "
"1"," 0.6725"
"1"," 0.2380"
"1"," 0.0895"
"1","
class 3: "
"1"," 0.8708"
"1"," 0.0169"
"1"," 0.1122"
"1","
class 4: "
"1"," 0.8624"
"1"," 0.0029"
"1"," 0.1347"
"1","
class 5: "
"1"," 0.9253"
"1"," 0.0075"
"1"," 0.0673"
"1","
class 6: "
"1"," 0.9016"
"1"," 0.0984"
"1"," 0.0000"
"1","
class 7: "
"1"," 0.6422"
"1"," 0.1231"
"1"," 0.2346"
"1","
class 8: "
"1"," 0.5777"
"1"," 0.3362"
"1"," 0.0861"
"1","
"
"1","
"
"1","Estimated class population shares 
"
"1"," "
"1","0.2399"
"1"," "
"1","0.0664"
"1"," "
"1","0.1025"
"1"," "
"1","0.3201"
"1"," "
"1","0.1104"
"1"," "
"1","0.0129"
"1"," "
"1","0.044"
"1"," "
"1","0.1038"
"1"," "
"1","
 
"
"1","Predicted class memberships (by modal posterior prob.) 
"
"1"," "
"1","0.2292"
"1"," "
"1","0.0664"
"1"," "
"1","0.1118"
"1"," "
"1","0.3457"
"1"," "
"1","0.1055"
"1"," "
"1","0.013"
"1"," "
"1","0.0395"
"1"," "
"1","0.0889"
"1"," "
"1","
 
"
"1","========================================================= 
"
"1","Fit for"
"1"," "
"1","8"
"1"," "
"1","latent classes: 
"
"1","========================================================= 
"
"1","number of observations:"
"1"," "
"1","2531"
"1"," "
"1","
"
"1","number of estimated parameters:"
"1"," "
"1","159"
"1"," "
"1","
"
"1","residual degrees of freedom:"
"1"," "
"1","2372"
"1"," "
"1","
"
"1","maximum log-likelihood:"
"1"," "
"1","-15165.73"
"1"," "
"1","
 
"
"1","AIC("
"1",""
"1","8"
"1",""
"1","): "
"1",""
"1","30649.46"
"1",""
"1","
"
"1","BIC("
"1",""
"1","8"
"1",""
"1","): "
"1",""
"1","31577.45"
"1",""
"1","
"
"1","G^2("
"1",""
"1","8"
"1",""
"1","): "
"1",""
"1","2288.809"
"1",""
"1"," (Likelihood ratio/deviance statistic) 
"
"1","X^2("
"1",""
"1","8"
"1",""
"1","): "
"1",""
"1","48666.09"
"1",""
"1"," (Chi-square goodness of fit) 
 
"
"0","lc9=poLCA(f, base_proc, nclass=9, graphs = F, maxiter = 5000, nrep = 3, tol=0.000001000)"
"1","Model "
"1",""
"1","1"
"1",""
"1",": llik = "
"1",""
"1","-15139.7"
"1",""
"1"," ... best llik = "
"1",""
"1","-15139.7"
"1",""
"1","
"
"1","Model "
"1",""
"1","2"
"1",""
"1",": llik = "
"1",""
"1","-15138.44"
"1",""
"1"," ... best llik = "
"1",""
"1","-15138.44"
"1",""
"1","
"
"1","Model "
"1",""
"1","3"
"1",""
"1",": llik = "
"1",""
"1","-15105.26"
"1",""
"1"," ... best llik = "
"1",""
"1","-15105.26"
"1",""
"1","
"
"1","Conditional item response (column) probabilities,
 by outcome variable, for each class (row) 
 
"
"1","$contrato
"
"1","         "
"1","  Pr(1)"
"1","  Pr(2)"
"1","
class 1: "
"1"," 0.0000"
"1"," 1.0000"
"1","
class 2: "
"1"," 0.9329"
"1"," 0.0671"
"1","
class 3: "
"1"," 0.0584"
"1"," 0.9416"
"1","
class 4: "
"1"," 0.0029"
"1"," 0.9971"
"1","
class 5: "
"1"," 0.0752"
"1"," 0.9248"
"1","
class 6: "
"1"," 0.0621"
"1"," 0.9379"
"1","
class 7: "
"1"," 0.0037"
"1"," 0.9963"
"1","
class 8: "
"1"," 0.0017"
"1"," 0.9983"
"1","
class 9: "
"1"," 0.0000"
"1"," 1.0000"
"1","
"
"1","
"
"1","$contrato_duracion
"
"1","         "
"1","  Pr(1)"
"1","  Pr(2)"
"1","
class 1: "
"1"," 0.1054"
"1"," 0.8946"
"1","
class 2: "
"1"," 0.8917"
"1"," 0.1083"
"1","
class 3: "
"1"," 0.2588"
"1"," 0.7412"
"1","
class 4: "
"1"," 0.4853"
"1"," 0.5147"
"1","
class 5: "
"1"," 0.8370"
"1"," 0.1630"
"1","
class 6: "
"1"," 0.9867"
"1"," 0.0133"
"1","
class 7: "
"1"," 0.9752"
"1"," 0.0248"
"1","
class 8: "
"1"," 0.2649"
"1"," 0.7351"
"1","
class 9: "
"1"," 0.3370"
"1"," 0.6630"
"1","
"
"1","
"
"1","$contrato_sub
"
"1","         "
"1","  Pr(1)"
"1","  Pr(2)"
"1","  Pr(3)"
"1","
class 1: "
"1"," 0.7815"
"1"," 0.0000"
"1"," 0.2185"
"1","
class 2: "
"1"," 0.5349"
"1"," 0.3506"
"1"," 0.1145"
"1","
class 3: "
"1"," 0.9055"
"1"," 0.0000"
"1"," 0.0945"
"1","
class 4: "
"1"," 0.5775"
"1"," 0.0000"
"1"," 0.4225"
"1","
class 5: "
"1"," 0.8078"
"1"," 0.0949"
"1"," 0.0973"
"1","
class 6: "
"1"," 0.4405"
"1"," 0.0000"
"1"," 0.5595"
"1","
class 7: "
"1"," 0.8161"
"1"," 0.1052"
"1"," 0.0787"
"1","
class 8: "
"1"," 0.2445"
"1"," 0.0000"
"1"," 0.7555"
"1","
class 9: "
"1"," 0.9456"
"1"," 0.0005"
"1"," 0.0538"
"1","
"
"1","
"
"1","$cotiza_prev
"
"1","         "
"1","  Pr(1)"
"1","  Pr(2)"
"1","
class 1: "
"1"," 0.0105"
"1"," 0.9895"
"1","
class 2: "
"1"," 0.9930"
"1"," 0.0070"
"1","
class 3: "
"1"," 0.8916"
"1"," 0.1084"
"1","
class 4: "
"1"," 0.0117"
"1"," 0.9883"
"1","
class 5: "
"1"," 0.0553"
"1"," 0.9447"
"1","
class 6: "
"1"," 0.0173"
"1"," 0.9827"
"1","
class 7: "
"1"," 0.0040"
"1"," 0.9960"
"1","
class 8: "
"1"," 0.0115"
"1"," 0.9885"
"1","
class 9: "
"1"," 0.0125"
"1"," 0.9875"
"1","
"
"1","
"
"1","$cotiza_salud
"
"1","         "
"1","  Pr(1)"
"1","  Pr(2)"
"1","
class 1: "
"1"," 0.0000"
"1"," 1.0000"
"1","
class 2: "
"1"," 0.9930"
"1"," 0.0070"
"1","
class 3: "
"1"," 0.0893"
"1"," 0.9107"
"1","
class 4: "
"1"," 0.0000"
"1"," 1.0000"
"1","
class 5: "
"1"," 0.0353"
"1"," 0.9647"
"1","
class 6: "
"1"," 0.0015"
"1"," 0.9985"
"1","
class 7: "
"1"," 0.0100"
"1"," 0.9900"
"1","
class 8: "
"1"," 0.0032"
"1"," 0.9968"
"1","
class 9: "
"1"," 0.0000"
"1"," 1.0000"
"1","
"
"1","
"
"1","$cotiza_seguro
"
"1","         "
"1","  Pr(1)"
"1","  Pr(2)"
"1","
class 1: "
"1"," 0.0000"
"1"," 1.0000"
"1","
class 2: "
"1"," 1.0000"
"1"," 0.0000"
"1","
class 3: "
"1"," 1.0000"
"1"," 0.0000"
"1","
class 4: "
"1"," 0.0228"
"1"," 0.9772"
"1","
class 5: "
"1"," 0.1418"
"1"," 0.8582"
"1","
class 6: "
"1"," 0.2146"
"1"," 0.7854"
"1","
class 7: "
"1"," 0.0324"
"1"," 0.9676"
"1","
class 8: "
"1"," 0.4605"
"1"," 0.5395"
"1","
class 9: "
"1"," 0.0000"
"1"," 1.0000"
"1","
"
"1","
"
"1","$ingresos
"
"1","         "
"1","  Pr(1)"
"1","  Pr(2)"
"1","  Pr(3)"
"1","  Pr(4)"
"1","
class 1: "
"1"," 0.0531"
"1"," 0.3345"
"1"," 0.4119"
"1"," 0.2005"
"1","
class 2: "
"1"," 0.7377"
"1"," 0.1366"
"1"," 0.0960"
"1"," 0.0297"
"1","
class 3: "
"1"," 0.1346"
"1"," 0.5166"
"1"," 0.2440"
"1"," 0.1048"
"1","
class 4: "
"1"," 0.6572"
"1"," 0.3162"
"1"," 0.0266"
"1"," 0.0000"
"1","
class 5: "
"1"," 0.4059"
"1"," 0.4039"
"1"," 0.0614"
"1"," 0.1288"
"1","
class 6: "
"1"," 0.5977"
"1"," 0.1801"
"1"," 0.1755"
"1"," 0.0467"
"1","
class 7: "
"1"," 0.3476"
"1"," 0.2394"
"1"," 0.2468"
"1"," 0.1661"
"1","
class 8: "
"1"," 0.0542"
"1"," 0.2006"
"1"," 0.3248"
"1"," 0.4204"
"1","
class 9: "
"1"," 0.0670"
"1"," 0.0768"
"1"," 0.2676"
"1"," 0.5886"
"1","
"
"1","
"
"1","$lugar_trab
"
"1","         "
"1","  Pr(1)"
"1","  Pr(2)"
"1","  Pr(3)"
"1","  Pr(4)"
"1","
class 1: "
"1"," 0.0502"
"1"," 0.7542"
"1"," 0.1431"
"1"," 0.0524"
"1","
class 2: "
"1"," 0.0064"
"1"," 0.2688"
"1"," 0.0654"
"1"," 0.6594"
"1","
class 3: "
"1"," 0.0000"
"1"," 0.7160"
"1"," 0.2257"
"1"," 0.0583"
"1","
class 4: "
"1"," 0.0158"
"1"," 0.8482"
"1"," 0.1360"
"1"," 0.0000"
"1","
class 5: "
"1"," 0.0340"
"1"," 0.4340"
"1"," 0.0582"
"1"," 0.4738"
"1","
class 6: "
"1"," 0.0338"
"1"," 0.8050"
"1"," 0.1419"
"1"," 0.0193"
"1","
class 7: "
"1"," 0.0045"
"1"," 0.2556"
"1"," 0.0656"
"1"," 0.6744"
"1","
class 8: "
"1"," 0.2398"
"1"," 0.7341"
"1"," 0.0262"
"1"," 0.0000"
"1","
class 9: "
"1"," 0.0000"
"1"," 0.0033"
"1"," 0.1917"
"1"," 0.8050"
"1","
"
"1","
"
"1","$cond_vacaciones
"
"1","         "
"1","  Pr(1)"
"1","  Pr(2)"
"1","
class 1: "
"1"," 0.0000"
"1"," 1.0000"
"1","
class 2: "
"1"," 1.0000"
"1"," 0.0000"
"1","
class 3: "
"1"," 0.0000"
"1"," 1.0000"
"1","
class 4: "
"1"," 0.0169"
"1"," 0.9831"
"1","
class 5: "
"1"," 0.9298"
"1"," 0.0702"
"1","
class 6: "
"1"," 1.0000"
"1"," 0.0000"
"1","
class 7: "
"1"," 0.7366"
"1"," 0.2634"
"1","
class 8: "
"1"," 0.0086"
"1"," 0.9914"
"1","
class 9: "
"1"," 0.0057"
"1"," 0.9943"
"1","
"
"1","
"
"1","$cond_enfermedad
"
"1","         "
"1","  Pr(1)"
"1","  Pr(2)"
"1","
class 1: "
"1"," 0.0089"
"1"," 0.9911"
"1","
class 2: "
"1"," 1.0000"
"1"," 0.0000"
"1","
class 3: "
"1"," 0.0582"
"1"," 0.9418"
"1","
class 4: "
"1"," 0.0048"
"1"," 0.9952"
"1","
class 5: "
"1"," 1.0000"
"1"," 0.0000"
"1","
class 6: "
"1"," 0.1832"
"1"," 0.8168"
"1","
class 7: "
"1"," 0.0000"
"1"," 1.0000"
"1","
class 8: "
"1"," 0.0063"
"1"," 0.9937"
"1","
class 9: "
"1"," 0.0037"
"1"," 0.9963"
"1","
"
"1","
"
"1","$cond_maternidad
"
"1","         "
"1","  Pr(1)"
"1","  Pr(2)"
"1","
class 1: "
"1"," 0.0657"
"1"," 0.9343"
"1","
class 2: "
"1"," 1.0000"
"1"," 0.0000"
"1","
class 3: "
"1"," 0.2900"
"1"," 0.7100"
"1","
class 4: "
"1"," 0.0390"
"1"," 0.9610"
"1","
class 5: "
"1"," 1.0000"
"1"," 0.0000"
"1","
class 6: "
"1"," 0.3743"
"1"," 0.6257"
"1","
class 7: "
"1"," 0.2239"
"1"," 0.7761"
"1","
class 8: "
"1"," 0.0043"
"1"," 0.9957"
"1","
class 9: "
"1"," 0.0082"
"1"," 0.9918"
"1","
"
"1","
"
"1","$cond_guarderia
"
"1","         "
"1","  Pr(1)"
"1","  Pr(2)"
"1","
class 1: "
"1"," 0.7705"
"1"," 0.2295"
"1","
class 2: "
"1"," 1.0000"
"1"," 0.0000"
"1","
class 3: "
"1"," 0.7923"
"1"," 0.2077"
"1","
class 4: "
"1"," 0.7905"
"1"," 0.2095"
"1","
class 5: "
"1"," 1.0000"
"1"," 0.0000"
"1","
class 6: "
"1"," 0.9385"
"1"," 0.0615"
"1","
class 7: "
"1"," 0.9765"
"1"," 0.0235"
"1","
class 8: "
"1"," 0.2833"
"1"," 0.7167"
"1","
class 9: "
"1"," 0.6830"
"1"," 0.3170"
"1","
"
"1","
"
"1","$horas
"
"1","         "
"1","  Pr(1)"
"1","  Pr(2)"
"1","  Pr(3)"
"1","
class 1: "
"1"," 0.8657"
"1"," 0.0035"
"1"," 0.1309"
"1","
class 2: "
"1"," 0.6723"
"1"," 0.2382"
"1"," 0.0895"
"1","
class 3: "
"1"," 0.9005"
"1"," 0.0995"
"1"," 0.0000"
"1","
class 4: "
"1"," 0.7171"
"1"," 0.1775"
"1"," 0.1054"
"1","
class 5: "
"1"," 0.8648"
"1"," 0.0000"
"1"," 0.1352"
"1","
class 6: "
"1"," 0.3926"
"1"," 0.3497"
"1"," 0.2577"
"1","
class 7: "
"1"," 0.9427"
"1"," 0.0065"
"1"," 0.0508"
"1","
class 8: "
"1"," 0.8529"
"1"," 0.0702"
"1"," 0.0769"
"1","
class 9: "
"1"," 0.8610"
"1"," 0.0171"
"1"," 0.1219"
"1","
"
"1","
"
"1","Estimated class population shares 
"
"1"," "
"1","0.2676"
"1"," "
"1","0.0665"
"1"," "
"1","0.0136"
"1"," "
"1","0.1341"
"1"," "
"1","0.0208"
"1"," "
"1","0.0444"
"1"," "
"1","0.1121"
"1"," "
"1","0.2384"
"1"," "
"1","0.1026"
"1"," "
"1","
 
"
"1","Predicted class memberships (by modal posterior prob.) 
"
"1"," "
"1","0.256"
"1"," "
"1","0.0664"
"1"," "
"1","0.013"
"1"," "
"1","0.1486"
"1"," "
"1","0.0217"
"1"," "
"1","0.0435"
"1"," "
"1","0.1039"
"1"," "
"1","0.2296"
"1"," "
"1","0.1173"
"1"," "
"1","
 
"
"1","========================================================= 
"
"1","Fit for"
"1"," "
"1","9"
"1"," "
"1","latent classes: 
"
"1","========================================================= 
"
"1","number of observations:"
"1"," "
"1","2531"
"1"," "
"1","
"
"1","number of estimated parameters:"
"1"," "
"1","179"
"1"," "
"1","
"
"1","residual degrees of freedom:"
"1"," "
"1","2352"
"1"," "
"1","
"
"1","maximum log-likelihood:"
"1"," "
"1","-15105.26"
"1"," "
"1","
 
"
"1","AIC("
"1",""
"1","9"
"1",""
"1","): "
"1",""
"1","30568.51"
"1",""
"1","
"
"1","BIC("
"1",""
"1","9"
"1",""
"1","): "
"1",""
"1","31613.22"
"1",""
"1","
"
"1","G^2("
"1",""
"1","9"
"1",""
"1","): "
"1",""
"1","2167.857"
"1",""
"1"," (Likelihood ratio/deviance statistic) 
"
"1","X^2("
"1",""
"1","9"
"1",""
"1","): "
"1",""
"1","65604.74"
"1",""
"1"," (Chi-square goodness of fit) 
 
"
"0","lc10=poLCA(f, base_proc, nclass=10, graphs = F, maxiter = 5000, nrep = 3, tol=0.000001000)"
"1","Model "
"1",""
"1","1"
"1",""
"1",": llik = "
"1",""
"1","-15070.48"
"1",""
"1"," ... best llik = "
"1",""
"1","-15070.48"
"1",""
"1","
"
"1","Model "
"1",""
"1","2"
"1",""
"1",": llik = "
"1",""
"1","-15058.52"
"1",""
"1"," ... best llik = "
"1",""
"1","-15058.52"
"1",""
"1","
"
"1","Model "
"1",""
"1","3"
"1",""
"1",": llik = "
"1",""
"1","-15084.07"
"1",""
"1"," ... best llik = "
"1",""
"1","-15058.52"
"1",""
"1","
"
"1","Conditional item response (column) probabilities,
 by outcome variable, for each class (row) 
 
"
"1","$contrato
"
"1","          "
"1","  Pr(1)"
"1","  Pr(2)"
"1","
class 1:  "
"1"," 0.9648"
"1"," 0.0352"
"1","
class 2:  "
"1"," 0.8513"
"1"," 0.1487"
"1","
class 3:  "
"1"," 0.0000"
"1"," 1.0000"
"1","
class 4:  "
"1"," 0.0038"
"1"," 0.9962"
"1","
class 5:  "
"1"," 0.0539"
"1"," 0.9461"
"1","
class 6:  "
"1"," 0.0784"
"1"," 0.9216"
"1","
class 7:  "
"1"," 0.0000"
"1"," 1.0000"
"1","
class 8:  "
"1"," 0.0030"
"1"," 0.9970"
"1","
class 9:  "
"1"," 0.0643"
"1"," 0.9357"
"1","
class 10: "
"1"," 0.0017"
"1"," 0.9983"
"1","
"
"1","
"
"1","$contrato_duracion
"
"1","          "
"1","  Pr(1)"
"1","  Pr(2)"
"1","
class 1:  "
"1"," 0.9780"
"1"," 0.0220"
"1","
class 2:  "
"1"," 0.7309"
"1"," 0.2691"
"1","
class 3:  "
"1"," 0.1174"
"1"," 0.8826"
"1","
class 4:  "
"1"," 0.9741"
"1"," 0.0259"
"1","
class 5:  "
"1"," 0.9870"
"1"," 0.0130"
"1","
class 6:  "
"1"," 0.2524"
"1"," 0.7476"
"1","
class 7:  "
"1"," 0.3329"
"1"," 0.6671"
"1","
class 8:  "
"1"," 0.4855"
"1"," 0.5145"
"1","
class 9:  "
"1"," 0.8732"
"1"," 0.1268"
"1","
class 10: "
"1"," 0.2629"
"1"," 0.7371"
"1","
"
"1","
"
"1","$contrato_sub
"
"1","          "
"1","  Pr(1)"
"1","  Pr(2)"
"1","  Pr(3)"
"1","
class 1:  "
"1"," 0.3500"
"1"," 0.5716"
"1"," 0.0784"
"1","
class 2:  "
"1"," 0.7920"
"1"," 0.0000"
"1"," 0.2080"
"1","
class 3:  "
"1"," 0.7779"
"1"," 0.0000"
"1"," 0.2221"
"1","
class 4:  "
"1"," 0.8175"
"1"," 0.1071"
"1"," 0.0754"
"1","
class 5:  "
"1"," 0.4494"
"1"," 0.0000"
"1"," 0.5506"
"1","
class 6:  "
"1"," 0.9776"
"1"," 0.0000"
"1"," 0.0224"
"1","
class 7:  "
"1"," 0.9465"
"1"," 0.0001"
"1"," 0.0534"
"1","
class 8:  "
"1"," 0.5703"
"1"," 0.0000"
"1"," 0.4297"
"1","
class 9:  "
"1"," 0.8909"
"1"," 0.1091"
"1"," 0.0000"
"1","
class 10: "
"1"," 0.2445"
"1"," 0.0000"
"1"," 0.7555"
"1","
"
"1","
"
"1","$cotiza_prev
"
"1","          "
"1","  Pr(1)"
"1","  Pr(2)"
"1","
class 1:  "
"1"," 1.0000"
"1"," 0.0000"
"1","
class 2:  "
"1"," 0.9478"
"1"," 0.0522"
"1","
class 3:  "
"1"," 0.0084"
"1"," 0.9916"
"1","
class 4:  "
"1"," 0.0042"
"1"," 0.9958"
"1","
class 5:  "
"1"," 0.0085"
"1"," 0.9915"
"1","
class 6:  "
"1"," 1.0000"
"1"," 0.0000"
"1","
class 7:  "
"1"," 0.0130"
"1"," 0.9870"
"1","
class 8:  "
"1"," 0.0250"
"1"," 0.9750"
"1","
class 9:  "
"1"," 0.0436"
"1"," 0.9564"
"1","
class 10: "
"1"," 0.0148"
"1"," 0.9852"
"1","
"
"1","
"
"1","$cotiza_salud
"
"1","          "
"1","  Pr(1)"
"1","  Pr(2)"
"1","
class 1:  "
"1"," 1.0000"
"1"," 0.0000"
"1","
class 2:  "
"1"," 0.9345"
"1"," 0.0655"
"1","
class 3:  "
"1"," 0.0000"
"1"," 1.0000"
"1","
class 4:  "
"1"," 0.0107"
"1"," 0.9893"
"1","
class 5:  "
"1"," 0.0000"
"1"," 1.0000"
"1","
class 6:  "
"1"," 0.1176"
"1"," 0.8824"
"1","
class 7:  "
"1"," 0.0000"
"1"," 1.0000"
"1","
class 8:  "
"1"," 0.0000"
"1"," 1.0000"
"1","
class 9:  "
"1"," 0.0220"
"1"," 0.9780"
"1","
class 10: "
"1"," 0.0033"
"1"," 0.9967"
"1","
"
"1","
"
"1","$cotiza_seguro
"
"1","          "
"1","  Pr(1)"
"1","  Pr(2)"
"1","
class 1:  "
"1"," 1.0000"
"1"," 0.0000"
"1","
class 2:  "
"1"," 1.0000"
"1"," 0.0000"
"1","
class 3:  "
"1"," 0.0000"
"1"," 1.0000"
"1","
class 4:  "
"1"," 0.0327"
"1"," 0.9673"
"1","
class 5:  "
"1"," 0.2012"
"1"," 0.7988"
"1","
class 6:  "
"1"," 1.0000"
"1"," 0.0000"
"1","
class 7:  "
"1"," 0.0000"
"1"," 1.0000"
"1","
class 8:  "
"1"," 0.0544"
"1"," 0.9456"
"1","
class 9:  "
"1"," 0.0615"
"1"," 0.9385"
"1","
class 10: "
"1"," 0.4619"
"1"," 0.5381"
"1","
"
"1","
"
"1","$ingresos
"
"1","          "
"1","  Pr(1)"
"1","  Pr(2)"
"1","  Pr(3)"
"1","  Pr(4)"
"1","
class 1:  "
"1"," 0.8058"
"1"," 0.1212"
"1"," 0.0596"
"1"," 0.0134"
"1","
class 2:  "
"1"," 0.6362"
"1"," 0.1522"
"1"," 0.1594"
"1"," 0.0522"
"1","
class 3:  "
"1"," 0.0601"
"1"," 0.3432"
"1"," 0.4043"
"1"," 0.1925"
"1","
class 4:  "
"1"," 0.3483"
"1"," 0.2392"
"1"," 0.2454"
"1"," 0.1672"
"1","
class 5:  "
"1"," 0.5757"
"1"," 0.2006"
"1"," 0.1772"
"1"," 0.0465"
"1","
class 6:  "
"1"," 0.0000"
"1"," 0.5988"
"1"," 0.3037"
"1"," 0.0975"
"1","
class 7:  "
"1"," 0.0658"
"1"," 0.0734"
"1"," 0.2677"
"1"," 0.5931"
"1","
class 8:  "
"1"," 0.6861"
"1"," 0.2955"
"1"," 0.0184"
"1"," 0.0000"
"1","
class 9:  "
"1"," 0.4072"
"1"," 0.4166"
"1"," 0.0454"
"1"," 0.1307"
"1","
class 10: "
"1"," 0.0463"
"1"," 0.2001"
"1"," 0.3266"
"1"," 0.4270"
"1","
"
"1","
"
"1","$lugar_trab
"
"1","          "
"1","  Pr(1)"
"1","  Pr(2)"
"1","  Pr(3)"
"1","  Pr(4)"
"1","
class 1:  "
"1"," 0.0000"
"1"," 0.0257"
"1"," 0.0000"
"1"," 0.9743"
"1","
class 2:  "
"1"," 0.0281"
"1"," 0.6620"
"1"," 0.1587"
"1"," 0.1511"
"1","
class 3:  "
"1"," 0.0482"
"1"," 0.7587"
"1"," 0.1411"
"1"," 0.0520"
"1","
class 4:  "
"1"," 0.0046"
"1"," 0.2425"
"1"," 0.0676"
"1"," 0.6852"
"1","
class 5:  "
"1"," 0.0243"
"1"," 0.8195"
"1"," 0.1368"
"1"," 0.0194"
"1","
class 6:  "
"1"," 0.0000"
"1"," 0.7276"
"1"," 0.1940"
"1"," 0.0784"
"1","
class 7:  "
"1"," 0.0000"
"1"," 0.0002"
"1"," 0.1966"
"1"," 0.8031"
"1","
class 8:  "
"1"," 0.0206"
"1"," 0.8437"
"1"," 0.1357"
"1"," 0.0000"
"1","
class 9:  "
"1"," 0.0218"
"1"," 0.3693"
"1"," 0.0655"
"1"," 0.5434"
"1","
class 10: "
"1"," 0.2405"
"1"," 0.7319"
"1"," 0.0276"
"1"," 0.0000"
"1","
"
"1","
"
"1","$cond_vacaciones
"
"1","          "
"1","  Pr(1)"
"1","  Pr(2)"
"1","
class 1:  "
"1"," 1.0000"
"1"," 0.0000"
"1","
class 2:  "
"1"," 1.0000"
"1"," 0.0000"
"1","
class 3:  "
"1"," 0.0000"
"1"," 1.0000"
"1","
class 4:  "
"1"," 0.7328"
"1"," 0.2672"
"1","
class 5:  "
"1"," 1.0000"
"1"," 0.0000"
"1","
class 6:  "
"1"," 0.0000"
"1"," 1.0000"
"1","
class 7:  "
"1"," 0.0056"
"1"," 0.9944"
"1","
class 8:  "
"1"," 0.0156"
"1"," 0.9844"
"1","
class 9:  "
"1"," 0.9403"
"1"," 0.0597"
"1","
class 10: "
"1"," 0.0087"
"1"," 0.9913"
"1","
"
"1","
"
"1","$cond_enfermedad
"
"1","          "
"1","  Pr(1)"
"1","  Pr(2)"
"1","
class 1:  "
"1"," 1.0000"
"1"," 0.0000"
"1","
class 2:  "
"1"," 1.0000"
"1"," 0.0000"
"1","
class 3:  "
"1"," 0.0089"
"1"," 0.9911"
"1","
class 4:  "
"1"," 0.0000"
"1"," 1.0000"
"1","
class 5:  "
"1"," 0.1882"
"1"," 0.8118"
"1","
class 6:  "
"1"," 0.0783"
"1"," 0.9217"
"1","
class 7:  "
"1"," 0.0038"
"1"," 0.9962"
"1","
class 8:  "
"1"," 0.0044"
"1"," 0.9956"
"1","
class 9:  "
"1"," 1.0000"
"1"," 0.0000"
"1","
class 10: "
"1"," 0.0078"
"1"," 0.9922"
"1","
"
"1","
"
"1","$cond_maternidad
"
"1","          "
"1","  Pr(1)"
"1","  Pr(2)"
"1","
class 1:  "
"1"," 1.0000"
"1"," 0.0000"
"1","
class 2:  "
"1"," 1.0000"
"1"," 0.0000"
"1","
class 3:  "
"1"," 0.0644"
"1"," 0.9356"
"1","
class 4:  "
"1"," 0.2228"
"1"," 0.7772"
"1","
class 5:  "
"1"," 0.3787"
"1"," 0.6213"
"1","
class 6:  "
"1"," 0.3133"
"1"," 0.6867"
"1","
class 7:  "
"1"," 0.0086"
"1"," 0.9914"
"1","
class 8:  "
"1"," 0.0433"
"1"," 0.9567"
"1","
class 9:  "
"1"," 1.0000"
"1"," 0.0000"
"1","
class 10: "
"1"," 0.0064"
"1"," 0.9936"
"1","
"
"1","
"
"1","$cond_guarderia
"
"1","          "
"1","  Pr(1)"
"1","  Pr(2)"
"1","
class 1:  "
"1"," 1.0000"
"1"," 0.0000"
"1","
class 2:  "
"1"," 1.0000"
"1"," 0.0000"
"1","
class 3:  "
"1"," 0.7704"
"1"," 0.2296"
"1","
class 4:  "
"1"," 0.9767"
"1"," 0.0233"
"1","
class 5:  "
"1"," 0.9397"
"1"," 0.0603"
"1","
class 6:  "
"1"," 0.7957"
"1"," 0.2043"
"1","
class 7:  "
"1"," 0.6832"
"1"," 0.3168"
"1","
class 8:  "
"1"," 0.7854"
"1"," 0.2146"
"1","
class 9:  "
"1"," 1.0000"
"1"," 0.0000"
"1","
class 10: "
"1"," 0.2840"
"1"," 0.7160"
"1","
"
"1","
"
"1","$horas
"
"1","          "
"1","  Pr(1)"
"1","  Pr(2)"
"1","  Pr(3)"
"1","
class 1:  "
"1"," 0.7669"
"1"," 0.1682"
"1"," 0.0649"
"1","
class 2:  "
"1"," 0.5173"
"1"," 0.3459"
"1"," 0.1368"
"1","
class 3:  "
"1"," 0.8661"
"1"," 0.0041"
"1"," 0.1298"
"1","
class 4:  "
"1"," 0.9444"
"1"," 0.0069"
"1"," 0.0487"
"1","
class 5:  "
"1"," 0.4233"
"1"," 0.3203"
"1"," 0.2564"
"1","
class 6:  "
"1"," 1.0000"
"1"," 0.0000"
"1"," 0.0000"
"1","
class 7:  "
"1"," 0.8590"
"1"," 0.0169"
"1"," 0.1241"
"1","
class 8:  "
"1"," 0.7028"
"1"," 0.1968"
"1"," 0.1004"
"1","
class 9:  "
"1"," 0.8825"
"1"," 0.0000"
"1"," 0.1175"
"1","
class 10: "
"1"," 0.8551"
"1"," 0.0676"
"1"," 0.0772"
"1","
"
"1","
"
"1","Estimated class population shares 
"
"1"," "
"1","0.0408"
"1"," "
"1","0.0274"
"1"," "
"1","0.2766"
"1"," "
"1","0.1107"
"1"," "
"1","0.0468"
"1"," "
"1","0.0101"
"1"," "
"1","0.1021"
"1"," "
"1","0.1305"
"1"," "
"1","0.0181"
"1"," "
"1","0.2371"
"1"," "
"1","
 
"
"1","Predicted class memberships (by modal posterior prob.) 
"
"1"," "
"1","0.0419"
"1"," "
"1","0.0261"
"1"," "
"1","0.2647"
"1"," "
"1","0.1015"
"1"," "
"1","0.0458"
"1"," "
"1","0.0099"
"1"," "
"1","0.1173"
"1"," "
"1","0.145"
"1"," "
"1","0.0186"
"1"," "
"1","0.2292"
"1"," "
"1","
 
"
"1","========================================================= 
"
"1","Fit for"
"1"," "
"1","10"
"1"," "
"1","latent classes: 
"
"1","========================================================= 
"
"1","number of observations:"
"1"," "
"1","2531"
"1"," "
"1","
"
"1","number of estimated parameters:"
"1"," "
"1","199"
"1"," "
"1","
"
"1","residual degrees of freedom:"
"1"," "
"1","2332"
"1"," "
"1","
"
"1","maximum log-likelihood:"
"1"," "
"1","-15058.52"
"1"," "
"1","
 
"
"1","AIC("
"1",""
"1","10"
"1",""
"1","): "
"1",""
"1","30515.05"
"1",""
"1","
"
"1","BIC("
"1",""
"1","10"
"1",""
"1","): "
"1",""
"1","31676.48"
"1",""
"1","
"
"1","G^2("
"1",""
"1","10"
"1",""
"1","): "
"1",""
"1","2074.391"
"1",""
"1"," (Likelihood ratio/deviance statistic) 
"
"1","X^2("
"1",""
"1","10"
"1",""
"1","): "
"1",""
"1","40641.07"
"1",""
"1"," (Chi-square goodness of fit) 
 
"
"0","lc11=poLCA(f, base_proc, nclass=11, graphs = F, maxiter = 5000, nrep = 3, tol=0.000001000)"
"1","Model "
"1",""
"1","1"
"1",""
"1",": llik = "
"1",""
"1","-15020.89"
"1",""
"1"," ... best llik = "
"1",""
"1","-15020.89"
"1",""
"1","
"
"1","Model "
"1",""
"1","2"
"1",""
"1",": llik = "
"1",""
"1","-15026.91"
"1",""
"1"," ... best llik = "
"1",""
"1","-15020.89"
"1",""
"1","
"
"1","Model "
"1",""
"1","3"
"1",""
"1",": llik = "
"1",""
"1","-15074.82"
"1",""
"1"," ... best llik = "
"1",""
"1","-15020.89"
"1",""
"1","
"
"1","Conditional item response (column) probabilities,
 by outcome variable, for each class (row) 
 
"
"1","$contrato
"
"1","          "
"1","  Pr(1)"
"1","  Pr(2)"
"1","
class 1:  "
"1"," 0.0000"
"1"," 1.0000"
"1","
class 2:  "
"1"," 0.0761"
"1"," 0.9239"
"1","
class 3:  "
"1"," 0.0042"
"1"," 0.9958"
"1","
class 4:  "
"1"," 0.0020"
"1"," 0.9980"
"1","
class 5:  "
"1"," 0.0000"
"1"," 1.0000"
"1","
class 6:  "
"1"," 0.0000"
"1"," 1.0000"
"1","
class 7:  "
"1"," 0.0153"
"1"," 0.9847"
"1","
class 8:  "
"1"," 0.0738"
"1"," 0.9262"
"1","
class 9:  "
"1"," 0.0000"
"1"," 1.0000"
"1","
class 10: "
"1"," 0.0657"
"1"," 0.9343"
"1","
class 11: "
"1"," 0.9330"
"1"," 0.0670"
"1","
"
"1","
"
"1","$contrato_duracion
"
"1","          "
"1","  Pr(1)"
"1","  Pr(2)"
"1","
class 1:  "
"1"," 0.0000"
"1"," 1.0000"
"1","
class 2:  "
"1"," 0.9798"
"1"," 0.0202"
"1","
class 3:  "
"1"," 0.9716"
"1"," 0.0284"
"1","
class 4:  "
"1"," 0.2800"
"1"," 0.7200"
"1","
class 5:  "
"1"," 0.3385"
"1"," 0.6615"
"1","
class 6:  "
"1"," 0.9583"
"1"," 0.0417"
"1","
class 7:  "
"1"," 0.2227"
"1"," 0.7773"
"1","
class 8:  "
"1"," 0.8487"
"1"," 0.1513"
"1","
class 9:  "
"1"," 0.0358"
"1"," 0.9642"
"1","
class 10: "
"1"," 0.2467"
"1"," 0.7533"
"1","
class 11: "
"1"," 0.8916"
"1"," 0.1084"
"1","
"
"1","
"
"1","$contrato_sub
"
"1","          "
"1","  Pr(1)"
"1","  Pr(2)"
"1","  Pr(3)"
"1","
class 1:  "
"1"," 0.7748"
"1"," 0.0000"
"1"," 0.2252"
"1","
class 2:  "
"1"," 0.4390"
"1"," 0.0000"
"1"," 0.5610"
"1","
class 3:  "
"1"," 0.8142"
"1"," 0.1197"
"1"," 0.0662"
"1","
class 4:  "
"1"," 0.2067"
"1"," 0.0000"
"1"," 0.7933"
"1","
class 5:  "
"1"," 0.9482"
"1"," 0.0000"
"1"," 0.0518"
"1","
class 6:  "
"1"," 0.5714"
"1"," 0.0000"
"1"," 0.4286"
"1","
class 7:  "
"1"," 0.5337"
"1"," 0.0000"
"1"," 0.4663"
"1","
class 8:  "
"1"," 0.8053"
"1"," 0.0957"
"1"," 0.0990"
"1","
class 9:  "
"1"," 0.6903"
"1"," 0.0000"
"1"," 0.3097"
"1","
class 10: "
"1"," 0.9227"
"1"," 0.0000"
"1"," 0.0773"
"1","
class 11: "
"1"," 0.5350"
"1"," 0.3506"
"1"," 0.1143"
"1","
"
"1","
"
"1","$cotiza_prev
"
"1","          "
"1","  Pr(1)"
"1","  Pr(2)"
"1","
class 1:  "
"1"," 0.0263"
"1"," 0.9737"
"1","
class 2:  "
"1"," 0.0214"
"1"," 0.9786"
"1","
class 3:  "
"1"," 0.0044"
"1"," 0.9956"
"1","
class 4:  "
"1"," 0.0136"
"1"," 0.9864"
"1","
class 5:  "
"1"," 0.0125"
"1"," 0.9875"
"1","
class 6:  "
"1"," 0.0076"
"1"," 0.9924"
"1","
class 7:  "
"1"," 0.0000"
"1"," 1.0000"
"1","
class 8:  "
"1"," 0.0550"
"1"," 0.9450"
"1","
class 9:  "
"1"," 0.0000"
"1"," 1.0000"
"1","
class 10: "
"1"," 1.0000"
"1"," 0.0000"
"1","
class 11: "
"1"," 0.9929"
"1"," 0.0071"
"1","
"
"1","
"
"1","$cotiza_salud
"
"1","          "
"1","  Pr(1)"
"1","  Pr(2)"
"1","
class 1:  "
"1"," 0.0019"
"1"," 0.9981"
"1","
class 2:  "
"1"," 0.0000"
"1"," 1.0000"
"1","
class 3:  "
"1"," 0.0082"
"1"," 0.9918"
"1","
class 4:  "
"1"," 0.0027"
"1"," 0.9973"
"1","
class 5:  "
"1"," 0.0000"
"1"," 1.0000"
"1","
class 6:  "
"1"," 0.0037"
"1"," 0.9963"
"1","
class 7:  "
"1"," 0.0000"
"1"," 1.0000"
"1","
class 8:  "
"1"," 0.0356"
"1"," 0.9644"
"1","
class 9:  "
"1"," 0.0000"
"1"," 1.0000"
"1","
class 10: "
"1"," 0.0985"
"1"," 0.9015"
"1","
class 11: "
"1"," 0.9933"
"1"," 0.0067"
"1","
"
"1","
"
"1","$cotiza_seguro
"
"1","          "
"1","  Pr(1)"
"1","  Pr(2)"
"1","
class 1:  "
"1"," 0.0293"
"1"," 0.9707"
"1","
class 2:  "
"1"," 0.2325"
"1"," 0.7675"
"1","
class 3:  "
"1"," 0.0325"
"1"," 0.9675"
"1","
class 4:  "
"1"," 0.5148"
"1"," 0.4852"
"1","
class 5:  "
"1"," 0.0000"
"1"," 1.0000"
"1","
class 6:  "
"1"," 0.0452"
"1"," 0.9548"
"1","
class 7:  "
"1"," 0.0927"
"1"," 0.9073"
"1","
class 8:  "
"1"," 0.1405"
"1"," 0.8595"
"1","
class 9:  "
"1"," 0.0000"
"1"," 1.0000"
"1","
class 10: "
"1"," 1.0000"
"1"," 0.0000"
"1","
class 11: "
"1"," 1.0000"
"1"," 0.0000"
"1","
"
"1","
"
"1","$ingresos
"
"1","          "
"1","  Pr(1)"
"1","  Pr(2)"
"1","  Pr(3)"
"1","  Pr(4)"
"1","
class 1:  "
"1"," 0.1455"
"1"," 0.2991"
"1"," 0.2750"
"1"," 0.2803"
"1","
class 2:  "
"1"," 0.6408"
"1"," 0.1341"
"1"," 0.1672"
"1"," 0.0579"
"1","
class 3:  "
"1"," 0.3386"
"1"," 0.2034"
"1"," 0.2689"
"1"," 0.1891"
"1","
class 4:  "
"1"," 0.0470"
"1"," 0.1869"
"1"," 0.3003"
"1"," 0.4658"
"1","
class 5:  "
"1"," 0.0548"
"1"," 0.0878"
"1"," 0.2938"
"1"," 0.5636"
"1","
class 6:  "
"1"," 0.4520"
"1"," 0.4451"
"1"," 0.1028"
"1"," 0.0000"
"1","
class 7:  "
"1"," 0.7973"
"1"," 0.0913"
"1"," 0.1109"
"1"," 0.0005"
"1","
class 8:  "
"1"," 0.4068"
"1"," 0.4039"
"1"," 0.0613"
"1"," 0.1280"
"1","
class 9:  "
"1"," 0.1640"
"1"," 0.3571"
"1"," 0.4203"
"1"," 0.0586"
"1","
class 10: "
"1"," 0.1233"
"1"," 0.5230"
"1"," 0.2595"
"1"," 0.0942"
"1","
class 11: "
"1"," 0.7376"
"1"," 0.1366"
"1"," 0.0961"
"1"," 0.0297"
"1","
"
"1","
"
"1","$lugar_trab
"
"1","          "
"1","  Pr(1)"
"1","  Pr(2)"
"1","  Pr(3)"
"1","  Pr(4)"
"1","
class 1:  "
"1"," 0.0140"
"1"," 0.6474"
"1"," 0.2840"
"1"," 0.0546"
"1","
class 2:  "
"1"," 0.0345"
"1"," 0.8042"
"1"," 0.1414"
"1"," 0.0199"
"1","
class 3:  "
"1"," 0.0074"
"1"," 0.2102"
"1"," 0.0179"
"1"," 0.7646"
"1","
class 4:  "
"1"," 0.2395"
"1"," 0.7332"
"1"," 0.0272"
"1"," 0.0000"
"1","
class 5:  "
"1"," 0.0198"
"1"," 0.1765"
"1"," 0.1489"
"1"," 0.6548"
"1","
class 6:  "
"1"," 0.0125"
"1"," 0.7608"
"1"," 0.2182"
"1"," 0.0085"
"1","
class 7:  "
"1"," 0.1059"
"1"," 0.8941"
"1"," 0.0000"
"1"," 0.0000"
"1","
class 8:  "
"1"," 0.0325"
"1"," 0.4366"
"1"," 0.0529"
"1"," 0.4780"
"1","
class 9:  "
"1"," 0.0885"
"1"," 0.8555"
"1"," 0.0381"
"1"," 0.0180"
"1","
class 10: "
"1"," 0.0000"
"1"," 0.7396"
"1"," 0.1959"
"1"," 0.0645"
"1","
class 11: "
"1"," 0.0062"
"1"," 0.2689"
"1"," 0.0654"
"1"," 0.6595"
"1","
"
"1","
"
"1","$cond_vacaciones
"
"1","          "
"1","  Pr(1)"
"1","  Pr(2)"
"1","
class 1:  "
"1"," 0.0000"
"1"," 1.0000"
"1","
class 2:  "
"1"," 1.0000"
"1"," 0.0000"
"1","
class 3:  "
"1"," 0.7380"
"1"," 0.2620"
"1","
class 4:  "
"1"," 0.0077"
"1"," 0.9923"
"1","
class 5:  "
"1"," 0.0064"
"1"," 0.9936"
"1","
class 6:  "
"1"," 0.1888"
"1"," 0.8112"
"1","
class 7:  "
"1"," 0.0000"
"1"," 1.0000"
"1","
class 8:  "
"1"," 0.9407"
"1"," 0.0593"
"1","
class 9:  "
"1"," 0.0000"
"1"," 1.0000"
"1","
class 10: "
"1"," 0.0000"
"1"," 1.0000"
"1","
class 11: "
"1"," 1.0000"
"1"," 0.0000"
"1","
"
"1","
"
"1","$cond_enfermedad
"
"1","          "
"1","  Pr(1)"
"1","  Pr(2)"
"1","
class 1:  "
"1"," 0.0202"
"1"," 0.9798"
"1","
class 2:  "
"1"," 0.2209"
"1"," 0.7791"
"1","
class 3:  "
"1"," 0.0000"
"1"," 1.0000"
"1","
class 4:  "
"1"," 0.0071"
"1"," 0.9929"
"1","
class 5:  "
"1"," 0.0033"
"1"," 0.9967"
"1","
class 6:  "
"1"," 0.0000"
"1"," 1.0000"
"1","
class 7:  "
"1"," 0.0260"
"1"," 0.9740"
"1","
class 8:  "
"1"," 1.0000"
"1"," 0.0000"
"1","
class 9:  "
"1"," 0.0000"
"1"," 1.0000"
"1","
class 10: "
"1"," 0.0655"
"1"," 0.9345"
"1","
class 11: "
"1"," 1.0000"
"1"," 0.0000"
"1","
"
"1","
"
"1","$cond_maternidad
"
"1","          "
"1","  Pr(1)"
"1","  Pr(2)"
"1","
class 1:  "
"1"," 0.1399"
"1"," 0.8601"
"1","
class 2:  "
"1"," 0.4205"
"1"," 0.5795"
"1","
class 3:  "
"1"," 0.2400"
"1"," 0.7600"
"1","
class 4:  "
"1"," 0.0047"
"1"," 0.9953"
"1","
class 5:  "
"1"," 0.0036"
"1"," 0.9964"
"1","
class 6:  "
"1"," 0.0823"
"1"," 0.9177"
"1","
class 7:  "
"1"," 0.0235"
"1"," 0.9765"
"1","
class 8:  "
"1"," 1.0000"
"1"," 0.0000"
"1","
class 9:  "
"1"," 0.0000"
"1"," 1.0000"
"1","
class 10: "
"1"," 0.2620"
"1"," 0.7380"
"1","
class 11: "
"1"," 1.0000"
"1"," 0.0000"
"1","
"
"1","
"
"1","$cond_guarderia
"
"1","          "
"1","  Pr(1)"
"1","  Pr(2)"
"1","
class 1:  "
"1"," 1.0000"
"1"," 0.0000"
"1","
class 2:  "
"1"," 0.9542"
"1"," 0.0458"
"1","
class 3:  "
"1"," 0.9775"
"1"," 0.0225"
"1","
class 4:  "
"1"," 0.2605"
"1"," 0.7395"
"1","
class 5:  "
"1"," 0.6489"
"1"," 0.3511"
"1","
class 6:  "
"1"," 0.8714"
"1"," 0.1286"
"1","
class 7:  "
"1"," 0.7238"
"1"," 0.2762"
"1","
class 8:  "
"1"," 1.0000"
"1"," 0.0000"
"1","
class 9:  "
"1"," 0.5599"
"1"," 0.4401"
"1","
class 10: "
"1"," 0.7790"
"1"," 0.2210"
"1","
class 11: "
"1"," 1.0000"
"1"," 0.0000"
"1","
"
"1","
"
"1","$horas
"
"1","          "
"1","  Pr(1)"
"1","  Pr(2)"
"1","  Pr(3)"
"1","
class 1:  "
"1"," 0.7897"
"1"," 0.0000"
"1"," 0.2103"
"1","
class 2:  "
"1"," 0.3035"
"1"," 0.4176"
"1"," 0.2790"
"1","
class 3:  "
"1"," 0.9447"
"1"," 0.0068"
"1"," 0.0485"
"1","
class 4:  "
"1"," 0.8558"
"1"," 0.0635"
"1"," 0.0807"
"1","
class 5:  "
"1"," 0.8889"
"1"," 0.0165"
"1"," 0.0946"
"1","
class 6:  "
"1"," 0.8756"
"1"," 0.0263"
"1"," 0.0981"
"1","
class 7:  "
"1"," 0.0000"
"1"," 1.0000"
"1"," 0.0000"
"1","
class 8:  "
"1"," 0.8662"
"1"," 0.0000"
"1"," 0.1338"
"1","
class 9:  "
"1"," 0.9050"
"1"," 0.0000"
"1"," 0.0950"
"1","
class 10: "
"1"," 0.8906"
"1"," 0.1094"
"1"," 0.0000"
"1","
class 11: "
"1"," 0.6725"
"1"," 0.2380"
"1"," 0.0896"
"1","
"
"1","
"
"1","Estimated class population shares 
"
"1"," "
"1","0.1257"
"1"," "
"1","0.0368"
"1"," "
"1","0.0991"
"1"," "
"1","0.2041"
"1"," "
"1","0.1309"
"1"," "
"1","0.1031"
"1"," "
"1","0.0256"
"1"," "
"1","0.0206"
"1"," "
"1","0.1755"
"1"," "
"1","0.012"
"1"," "
"1","0.0665"
"1"," "
"1","
 
"
"1","Predicted class memberships (by modal posterior prob.) 
"
"1"," "
"1","0.1106"
"1"," "
"1","0.0336"
"1"," "
"1","0.0925"
"1"," "
"1","0.2047"
"1"," "
"1","0.1142"
"1"," "
"1","0.1106"
"1"," "
"1","0.0269"
"1"," "
"1","0.0209"
"1"," "
"1","0.2074"
"1"," "
"1","0.0122"
"1"," "
"1","0.0664"
"1"," "
"1","
 
"
"1","========================================================= 
"
"1","Fit for"
"1"," "
"1","11"
"1"," "
"1","latent classes: 
"
"1","========================================================= 
"
"1","number of observations:"
"1"," "
"1","2531"
"1"," "
"1","
"
"1","number of estimated parameters:"
"1"," "
"1","219"
"1"," "
"1","
"
"1","residual degrees of freedom:"
"1"," "
"1","2312"
"1"," "
"1","
"
"1","maximum log-likelihood:"
"1"," "
"1","-15020.89"
"1"," "
"1","
 
"
"1","AIC("
"1",""
"1","11"
"1",""
"1","): "
"1",""
"1","30479.78"
"1",""
"1","
"
"1","BIC("
"1",""
"1","11"
"1",""
"1","): "
"1",""
"1","31757.94"
"1",""
"1","
"
"1","G^2("
"1",""
"1","11"
"1",""
"1","): "
"1",""
"1","1999.121"
"1",""
"1"," (Likelihood ratio/deviance statistic) 
"
"1","X^2("
"1",""
"1","11"
"1",""
"1","): "
"1",""
"1","55218.82"
"1",""
"1"," (Chi-square goodness of fit) 
 
"
"0","lc12=poLCA(f, base_proc, nclass=12, graphs = F, maxiter = 5000, nrep = 3, tol=0.000001000)"
"1","Model "
"1",""
"1","1"
"1",""
"1",": llik = "
"1",""
"1","-15026.1"
"1",""
"1"," ... best llik = "
"1",""
"1","-15026.1"
"1",""
"1","
"
"1","Model "
"1",""
"1","2"
"1",""
"1",": llik = "
"1",""
"1","-15023.35"
"1",""
"1"," ... best llik = "
"1",""
"1","-15023.35"
"1",""
"1","
"
"1","Model "
"1",""
"1","3"
"1",""
"1",": llik = "
"1",""
"1","-14972.66"
"1",""
"1"," ... best llik = "
"1",""
"1","-14972.66"
"1",""
"1","
"
"1","Conditional item response (column) probabilities,
 by outcome variable, for each class (row) 
 
"
"1","$contrato
"
"1","          "
"1","  Pr(1)"
"1","  Pr(2)"
"1","
class 1:  "
"1"," 0.0000"
"1"," 1.0000"
"1","
class 2:  "
"1"," 0.0652"
"1"," 0.9348"
"1","
class 3:  "
"1"," 0.0000"
"1"," 1.0000"
"1","
class 4:  "
"1"," 0.0020"
"1"," 0.9980"
"1","
class 5:  "
"1"," 0.0000"
"1"," 1.0000"
"1","
class 6:  "
"1"," 0.0154"
"1"," 0.9846"
"1","
class 7:  "
"1"," 0.0670"
"1"," 0.9330"
"1","
class 8:  "
"1"," 0.0658"
"1"," 0.9342"
"1","
class 9:  "
"1"," 0.0042"
"1"," 0.9958"
"1","
class 10: "
"1"," 0.9652"
"1"," 0.0348"
"1","
class 11: "
"1"," 0.8512"
"1"," 0.1488"
"1","
class 12: "
"1"," 0.0000"
"1"," 1.0000"
"1","
"
"1","
"
"1","$contrato_duracion
"
"1","          "
"1","  Pr(1)"
"1","  Pr(2)"
"1","
class 1:  "
"1"," 0.9558"
"1"," 0.0442"
"1","
class 2:  "
"1"," 0.8836"
"1"," 0.1164"
"1","
class 3:  "
"1"," 0.3387"
"1"," 0.6613"
"1","
class 4:  "
"1"," 0.2828"
"1"," 0.7172"
"1","
class 5:  "
"1"," 0.0000"
"1"," 1.0000"
"1","
class 6:  "
"1"," 0.2209"
"1"," 0.7791"
"1","
class 7:  "
"1"," 0.9825"
"1"," 0.0175"
"1","
class 8:  "
"1"," 0.2466"
"1"," 0.7534"
"1","
class 9:  "
"1"," 0.9714"
"1"," 0.0286"
"1","
class 10: "
"1"," 0.9780"
"1"," 0.0220"
"1","
class 11: "
"1"," 0.7313"
"1"," 0.2687"
"1","
class 12: "
"1"," 0.0368"
"1"," 0.9632"
"1","
"
"1","
"
"1","$contrato_sub
"
"1","          "
"1","  Pr(1)"
"1","  Pr(2)"
"1","  Pr(3)"
"1","
class 1:  "
"1"," 0.5717"
"1"," 0.0000"
"1"," 0.4283"
"1","
class 2:  "
"1"," 0.8870"
"1"," 0.1100"
"1"," 0.0030"
"1","
class 3:  "
"1"," 0.9483"
"1"," 0.0000"
"1"," 0.0517"
"1","
class 4:  "
"1"," 0.2074"
"1"," 0.0000"
"1"," 0.7926"
"1","
class 5:  "
"1"," 0.7770"
"1"," 0.0000"
"1"," 0.2230"
"1","
class 6:  "
"1"," 0.5338"
"1"," 0.0000"
"1"," 0.4662"
"1","
class 7:  "
"1"," 0.4444"
"1"," 0.0000"
"1"," 0.5556"
"1","
class 8:  "
"1"," 0.9233"
"1"," 0.0000"
"1"," 0.0767"
"1","
class 9:  "
"1"," 0.8151"
"1"," 0.1199"
"1"," 0.0650"
"1","
class 10: "
"1"," 0.3481"
"1"," 0.5733"
"1"," 0.0785"
"1","
class 11: "
"1"," 0.7973"
"1"," 0.0000"
"1"," 0.2027"
"1","
class 12: "
"1"," 0.6872"
"1"," 0.0000"
"1"," 0.3128"
"1","
"
"1","
"
"1","$cotiza_prev
"
"1","          "
"1","  Pr(1)"
"1","  Pr(2)"
"1","
class 1:  "
"1"," 0.0078"
"1"," 0.9922"
"1","
class 2:  "
"1"," 0.0439"
"1"," 0.9561"
"1","
class 3:  "
"1"," 0.0124"
"1"," 0.9876"
"1","
class 4:  "
"1"," 0.0138"
"1"," 0.9862"
"1","
class 5:  "
"1"," 0.0262"
"1"," 0.9738"
"1","
class 6:  "
"1"," 0.0000"
"1"," 1.0000"
"1","
class 7:  "
"1"," 0.0105"
"1"," 0.9895"
"1","
class 8:  "
"1"," 1.0000"
"1"," 0.0000"
"1","
class 9:  "
"1"," 0.0045"
"1"," 0.9955"
"1","
class 10: "
"1"," 1.0000"
"1"," 0.0000"
"1","
class 11: "
"1"," 0.9529"
"1"," 0.0471"
"1","
class 12: "
"1"," 0.0000"
"1"," 1.0000"
"1","
"
"1","
"
"1","$cotiza_salud
"
"1","          "
"1","  Pr(1)"
"1","  Pr(2)"
"1","
class 1:  "
"1"," 0.0037"
"1"," 0.9963"
"1","
class 2:  "
"1"," 0.0222"
"1"," 0.9778"
"1","
class 3:  "
"1"," 0.0000"
"1"," 1.0000"
"1","
class 4:  "
"1"," 0.0027"
"1"," 0.9973"
"1","
class 5:  "
"1"," 0.0019"
"1"," 0.9981"
"1","
class 6:  "
"1"," 0.0000"
"1"," 1.0000"
"1","
class 7:  "
"1"," 0.0000"
"1"," 1.0000"
"1","
class 8:  "
"1"," 0.0986"
"1"," 0.9014"
"1","
class 9:  "
"1"," 0.0082"
"1"," 0.9918"
"1","
class 10: "
"1"," 1.0000"
"1"," 0.0000"
"1","
class 11: "
"1"," 0.9403"
"1"," 0.0597"
"1","
class 12: "
"1"," 0.0000"
"1"," 1.0000"
"1","
"
"1","
"
"1","$cotiza_seguro
"
"1","          "
"1","  Pr(1)"
"1","  Pr(2)"
"1","
class 1:  "
"1"," 0.0424"
"1"," 0.9576"
"1","
class 2:  "
"1"," 0.0636"
"1"," 0.9364"
"1","
class 3:  "
"1"," 0.0000"
"1"," 1.0000"
"1","
class 4:  "
"1"," 0.5184"
"1"," 0.4816"
"1","
class 5:  "
"1"," 0.0282"
"1"," 0.9718"
"1","
class 6:  "
"1"," 0.0921"
"1"," 0.9079"
"1","
class 7:  "
"1"," 0.2205"
"1"," 0.7795"
"1","
class 8:  "
"1"," 1.0000"
"1"," 0.0000"
"1","
class 9:  "
"1"," 0.0324"
"1"," 0.9676"
"1","
class 10: "
"1"," 1.0000"
"1"," 0.0000"
"1","
class 11: "
"1"," 1.0000"
"1"," 0.0000"
"1","
class 12: "
"1"," 0.0000"
"1"," 1.0000"
"1","
"
"1","
"
"1","$ingresos
"
"1","          "
"1","  Pr(1)"
"1","  Pr(2)"
"1","  Pr(3)"
"1","  Pr(4)"
"1","
class 1:  "
"1"," 0.4552"
"1"," 0.4451"
"1"," 0.0997"
"1"," 0.0000"
"1","
class 2:  "
"1"," 0.4085"
"1"," 0.4144"
"1"," 0.0452"
"1"," 0.1319"
"1","
class 3:  "
"1"," 0.0546"
"1"," 0.0872"
"1"," 0.2940"
"1"," 0.5642"
"1","
class 4:  "
"1"," 0.0467"
"1"," 0.1863"
"1"," 0.2993"
"1"," 0.4677"
"1","
class 5:  "
"1"," 0.1460"
"1"," 0.2996"
"1"," 0.2759"
"1"," 0.2784"
"1","
class 6:  "
"1"," 0.7987"
"1"," 0.0910"
"1"," 0.1102"
"1"," 0.0002"
"1","
class 7:  "
"1"," 0.6084"
"1"," 0.1666"
"1"," 0.1696"
"1"," 0.0554"
"1","
class 8:  "
"1"," 0.1233"
"1"," 0.5234"
"1"," 0.2597"
"1"," 0.0936"
"1","
class 9:  "
"1"," 0.3388"
"1"," 0.2033"
"1"," 0.2687"
"1"," 0.1892"
"1","
class 10: "
"1"," 0.8060"
"1"," 0.1213"
"1"," 0.0594"
"1"," 0.0132"
"1","
class 11: "
"1"," 0.6360"
"1"," 0.1526"
"1"," 0.1588"
"1"," 0.0525"
"1","
class 12: "
"1"," 0.1622"
"1"," 0.3551"
"1"," 0.4199"
"1"," 0.0628"
"1","
"
"1","
"
"1","$lugar_trab
"
"1","          "
"1","  Pr(1)"
"1","  Pr(2)"
"1","  Pr(3)"
"1","  Pr(4)"
"1","
class 1:  "
"1"," 0.0127"
"1"," 0.7607"
"1"," 0.2182"
"1"," 0.0084"
"1","
class 2:  "
"1"," 0.0222"
"1"," 0.3708"
"1"," 0.0591"
"1"," 0.5480"
"1","
class 3:  "
"1"," 0.0179"
"1"," 0.1731"
"1"," 0.1503"
"1"," 0.6588"
"1","
class 4:  "
"1"," 0.2408"
"1"," 0.7321"
"1"," 0.0271"
"1"," 0.0000"
"1","
class 5:  "
"1"," 0.0139"
"1"," 0.6466"
"1"," 0.2830"
"1"," 0.0564"
"1","
class 6:  "
"1"," 0.1044"
"1"," 0.8956"
"1"," 0.0000"
"1"," 0.0000"
"1","
class 7:  "
"1"," 0.0232"
"1"," 0.8177"
"1"," 0.1394"
"1"," 0.0197"
"1","
class 8:  "
"1"," 0.0000"
"1"," 0.7394"
"1"," 0.1960"
"1"," 0.0646"
"1","
class 9:  "
"1"," 0.0076"
"1"," 0.2062"
"1"," 0.0189"
"1"," 0.7674"
"1","
class 10: "
"1"," 0.0000"
"1"," 0.0251"
"1"," 0.0000"
"1"," 0.9749"
"1","
class 11: "
"1"," 0.0274"
"1"," 0.6589"
"1"," 0.1589"
"1"," 0.1548"
"1","
class 12: "
"1"," 0.0900"
"1"," 0.8543"
"1"," 0.0379"
"1"," 0.0178"
"1","
"
"1","
"
"1","$cond_vacaciones
"
"1","          "
"1","  Pr(1)"
"1","  Pr(2)"
"1","
class 1:  "
"1"," 0.1749"
"1"," 0.8251"
"1","
class 2:  "
"1"," 0.9494"
"1"," 0.0506"
"1","
class 3:  "
"1"," 0.0064"
"1"," 0.9936"
"1","
class 4:  "
"1"," 0.0079"
"1"," 0.9921"
"1","
class 5:  "
"1"," 0.0000"
"1"," 1.0000"
"1","
class 6:  "
"1"," 0.0000"
"1"," 1.0000"
"1","
class 7:  "
"1"," 1.0000"
"1"," 0.0000"
"1","
class 8:  "
"1"," 0.0000"
"1"," 1.0000"
"1","
class 9:  "
"1"," 0.7356"
"1"," 0.2644"
"1","
class 10: "
"1"," 1.0000"
"1"," 0.0000"
"1","
class 11: "
"1"," 1.0000"
"1"," 0.0000"
"1","
class 12: "
"1"," 0.0000"
"1"," 1.0000"
"1","
"
"1","
"
"1","$cond_enfermedad
"
"1","          "
"1","  Pr(1)"
"1","  Pr(2)"
"1","
class 1:  "
"1"," 0.0000"
"1"," 1.0000"
"1","
class 2:  "
"1"," 1.0000"
"1"," 0.0000"
"1","
class 3:  "
"1"," 0.0034"
"1"," 0.9966"
"1","
class 4:  "
"1"," 0.0086"
"1"," 0.9914"
"1","
class 5:  "
"1"," 0.0205"
"1"," 0.9795"
"1","
class 6:  "
"1"," 0.0253"
"1"," 0.9747"
"1","
class 7:  "
"1"," 0.2259"
"1"," 0.7741"
"1","
class 8:  "
"1"," 0.0657"
"1"," 0.9343"
"1","
class 9:  "
"1"," 0.0000"
"1"," 1.0000"
"1","
class 10: "
"1"," 1.0000"
"1"," 0.0000"
"1","
class 11: "
"1"," 1.0000"
"1"," 0.0000"
"1","
class 12: "
"1"," 0.0000"
"1"," 1.0000"
"1","
"
"1","
"
"1","$cond_maternidad
"
"1","          "
"1","  Pr(1)"
"1","  Pr(2)"
"1","
class 1:  "
"1"," 0.0792"
"1"," 0.9208"
"1","
class 2:  "
"1"," 1.0000"
"1"," 0.0000"
"1","
class 3:  "
"1"," 0.0017"
"1"," 0.9983"
"1","
class 4:  "
"1"," 0.0071"
"1"," 0.9929"
"1","
class 5:  "
"1"," 0.1400"
"1"," 0.8600"
"1","
class 6:  "
"1"," 0.0235"
"1"," 0.9765"
"1","
class 7:  "
"1"," 0.4282"
"1"," 0.5718"
"1","
class 8:  "
"1"," 0.2624"
"1"," 0.7376"
"1","
class 9:  "
"1"," 0.2383"
"1"," 0.7617"
"1","
class 10: "
"1"," 1.0000"
"1"," 0.0000"
"1","
class 11: "
"1"," 1.0000"
"1"," 0.0000"
"1","
class 12: "
"1"," 0.0000"
"1"," 1.0000"
"1","
"
"1","
"
"1","$cond_guarderia
"
"1","          "
"1","  Pr(1)"
"1","  Pr(2)"
"1","
class 1:  "
"1"," 0.8694"
"1"," 0.1306"
"1","
class 2:  "
"1"," 1.0000"
"1"," 0.0000"
"1","
class 3:  "
"1"," 0.6490"
"1"," 0.3510"
"1","
class 4:  "
"1"," 0.2636"
"1"," 0.7364"
"1","
class 5:  "
"1"," 1.0000"
"1"," 0.0000"
"1","
class 6:  "
"1"," 0.7239"
"1"," 0.2761"
"1","
class 7:  "
"1"," 0.9552"
"1"," 0.0448"
"1","
class 8:  "
"1"," 0.7793"
"1"," 0.2207"
"1","
class 9:  "
"1"," 0.9775"
"1"," 0.0225"
"1","
class 10: "
"1"," 1.0000"
"1"," 0.0000"
"1","
class 11: "
"1"," 1.0000"
"1"," 0.0000"
"1","
class 12: "
"1"," 0.5561"
"1"," 0.4439"
"1","
"
"1","
"
"1","$horas
"
"1","          "
"1","  Pr(1)"
"1","  Pr(2)"
"1","  Pr(3)"
"1","
class 1:  "
"1"," 0.8765"
"1"," 0.0274"
"1"," 0.0962"
"1","
class 2:  "
"1"," 0.8848"
"1"," 0.0000"
"1"," 0.1152"
"1","
class 3:  "
"1"," 0.8885"
"1"," 0.0164"
"1"," 0.0951"
"1","
class 4:  "
"1"," 0.8552"
"1"," 0.0641"
"1"," 0.0807"
"1","
class 5:  "
"1"," 0.7899"
"1"," 0.0000"
"1"," 0.2101"
"1","
class 6:  "
"1"," 0.0000"
"1"," 1.0000"
"1"," 0.0000"
"1","
class 7:  "
"1"," 0.3464"
"1"," 0.3758"
"1"," 0.2779"
"1","
class 8:  "
"1"," 0.8909"
"1"," 0.1091"
"1"," 0.0000"
"1","
class 9:  "
"1"," 0.9455"
"1"," 0.0070"
"1"," 0.0475"
"1","
class 10: "
"1"," 0.7671"
"1"," 0.1681"
"1"," 0.0648"
"1","
class 11: "
"1"," 0.5202"
"1"," 0.3439"
"1"," 0.1359"
"1","
class 12: "
"1"," 0.9056"
"1"," 0.0000"
"1"," 0.0944"
"1","
"
"1","
"
"1","Estimated class population shares 
"
"1"," "
"1","0.1015"
"1"," "
"1","0.018"
"1"," "
"1","0.1295"
"1"," "
"1","0.2038"
"1"," "
"1","0.1261"
"1"," "
"1","0.0255"
"1"," "
"1","0.0397"
"1"," "
"1","0.012"
"1"," "
"1","0.0989"
"1"," "
"1","0.0407"
"1"," "
"1","0.0273"
"1"," "
"1","0.177"
"1"," "
"1","
 
"
"1","Predicted class memberships (by modal posterior prob.) 
"
"1"," "
"1","0.1102"
"1"," "
"1","0.0186"
"1"," "
"1","0.1142"
"1"," "
"1","0.1889"
"1"," "
"1","0.1106"
"1"," "
"1","0.0269"
"1"," "
"1","0.0344"
"1"," "
"1","0.0122"
"1"," "
"1","0.0925"
"1"," "
"1","0.0419"
"1"," "
"1","0.0261"
"1"," "
"1","0.2236"
"1"," "
"1","
 
"
"1","========================================================= 
"
"1","Fit for"
"1"," "
"1","12"
"1"," "
"1","latent classes: 
"
"1","========================================================= 
"
"1","number of observations:"
"1"," "
"1","2531"
"1"," "
"1","
"
"1","number of estimated parameters:"
"1"," "
"1","239"
"1"," "
"1","
"
"1","residual degrees of freedom:"
"1"," "
"1","2292"
"1"," "
"1","
"
"1","maximum log-likelihood:"
"1"," "
"1","-14972.66"
"1"," "
"1","
 
"
"1","AIC("
"1",""
"1","12"
"1",""
"1","): "
"1",""
"1","30423.32"
"1",""
"1","
"
"1","BIC("
"1",""
"1","12"
"1",""
"1","): "
"1",""
"1","31818.21"
"1",""
"1","
"
"1","G^2("
"1",""
"1","12"
"1",""
"1","): "
"1",""
"1","1902.66"
"1",""
"1"," (Likelihood ratio/deviance statistic) 
"
"1","X^2("
"1",""
"1","12"
"1",""
"1","): "
"1",""
"1","44613.99"
"1",""
"1"," (Chi-square goodness of fit) 
 
"
"0","```"
"2","Error: attempt to use zero-length variable name
"
