"0","lc2=poLCA(f, base_proc, nclass=2, graphs = F, nrep = 3, maxiter = 5000)"
"1","Model "
"1",""
"1","1"
"1",""
"1",": llik = "
"1",""
"1","-17270.32"
"1",""
"1"," ... best llik = "
"1",""
"1","-17270.32"
"1",""
"1","
"
"1","Model "
"1",""
"1","2"
"1",""
"1",": llik = "
"1",""
"1","-17270.32"
"1",""
"1"," ... best llik = "
"1",""
"1","-17270.32"
"1",""
"1","
"
"1","Model "
"1",""
"1","3"
"1",""
"1",": llik = "
"1",""
"1","-17270.32"
"1",""
"1"," ... best llik = "
"1",""
"1","-17270.32"
"1",""
"1","
"
"1","Conditional item response (column) probabilities,
 by outcome variable, for each class (row) 
 
"
"1","$contrato
"
"1","         "
"1","  Pr(1)"
"1","  Pr(2)"
"1","
class 1: "
"1"," 0.0030"
"1"," 0.9970"
"1","
class 2: "
"1"," 0.7239"
"1"," 0.2761"
"1","
"
"1","
"
"1","$contrato_duracion
"
"1","         "
"1","  Pr(1)"
"1","  Pr(2)"
"1","
class 1: "
"1"," 0.3772"
"1"," 0.6228"
"1","
class 2: "
"1"," 0.8978"
"1"," 0.1022"
"1","
"
"1","
"
"1","$contrato_sub
"
"1","         "
"1","  Pr(1)"
"1","  Pr(2)"
"1","  Pr(3)"
"1","
class 1: "
"1"," 0.6216"
"1"," 0.0121"
"1"," 0.3664"
"1","
class 2: "
"1"," 0.5771"
"1"," 0.2888"
"1"," 0.1341"
"1","
"
"1","
"
"1","$cotiza_prev
"
"1","         "
"1","  Pr(1)"
"1","  Pr(2)"
"1","
class 1: "
"1"," 0.0224"
"1"," 0.9776"
"1","
class 2: "
"1"," 0.7560"
"1"," 0.2440"
"1","
"
"1","
"
"1","$cotiza_salud
"
"1","         "
"1","  Pr(1)"
"1","  Pr(2)"
"1","
class 1: "
"1"," 0.0023"
"1"," 0.9977"
"1","
class 2: "
"1"," 0.7486"
"1"," 0.2514"
"1","
"
"1","
"
"1","$cotiza_seguro
"
"1","         "
"1","  Pr(1)"
"1","  Pr(2)"
"1","
class 1: "
"1"," 0.1506"
"1"," 0.8494"
"1","
class 2: "
"1"," 0.7953"
"1"," 0.2047"
"1","
"
"1","
"
"1","$ingresos
"
"1","         "
"1","  Pr(1)"
"1","  Pr(2)"
"1","  Pr(3)"
"1","  Pr(4)"
"1","
class 1: "
"1"," 0.2025"
"1"," 0.2539"
"1"," 0.2818"
"1"," 0.2618"
"1","
class 2: "
"1"," 0.6934"
"1"," 0.1766"
"1"," 0.0980"
"1"," 0.0320"
"1","
"
"1","
"
"1","$lugar_trab
"
"1","         "
"1","  Pr(1)"
"1","  Pr(2)"
"1","  Pr(3)"
"1","  Pr(4)"
"1","  Pr(5)"
"1","  Pr(6)"
"1","  Pr(7)"
"1","  Pr(8)"
"1","
class 1: "
"1"," 0.6101"
"1"," 0.0013"
"1"," 0.1057"
"1"," 0.0086"
"1"," 0.1461"
"1"," 0.0035"
"1"," 0.0812"
"1"," 0.0433"
"1","
class 2: "
"1"," 0.2689"
"1"," 0.0044"
"1"," 0.0551"
"1"," 0.0529"
"1"," 0.1161"
"1"," 0.0044"
"1"," 0.0044"
"1"," 0.4939"
"1","
"
"1","
"
"1","$cond_vacaciones
"
"1","         "
"1","  Pr(1)"
"1","  Pr(2)"
"1","
class 1: "
"1"," 0.1404"
"1"," 0.8596"
"1","
class 2: "
"1"," 0.9936"
"1"," 0.0064"
"1","
"
"1","
"
"1","$cond_enfermedad
"
"1","         "
"1","  Pr(1)"
"1","  Pr(2)"
"1","
class 1: "
"1"," 0.0151"
"1"," 0.9849"
"1","
class 2: "
"1"," 0.9652"
"1"," 0.0348"
"1","
"
"1","
"
"1","$cond_maternidad
"
"1","         "
"1","  Pr(1)"
"1","  Pr(2)"
"1","
class 1: "
"1"," 0.0742"
"1"," 0.9258"
"1","
class 2: "
"1"," 0.9951"
"1"," 0.0049"
"1","
"
"1","
"
"1","$cond_guarderia
"
"1","         "
"1","  Pr(1)"
"1","  Pr(2)"
"1","
class 1: "
"1"," 0.6689"
"1"," 0.3311"
"1","
class 2: "
"1"," 1.0000"
"1"," 0.0000"
"1","
"
"1","
"
"1","$horas
"
"1","         "
"1","  Pr(1)"
"1","  Pr(2)"
"1","  Pr(3)"
"1","
class 1: "
"1"," 0.8312"
"1"," 0.0630"
"1"," 0.1058"
"1","
class 2: "
"1"," 0.6800"
"1"," 0.2136"
"1"," 0.1064"
"1","
"
"1","
"
"1","Estimated class population shares 
"
"1"," "
"1","0.9094"
"1"," "
"1","0.0906"
"1"," "
"1","
 
"
"1","Predicted class memberships (by modal posterior prob.) 
"
"1"," "
"1","0.9087"
"1"," "
"1","0.0913"
"1"," "
"1","
 
"
"1","========================================================= 
"
"1","Fit for"
"1"," "
"1","2"
"1"," "
"1","latent classes: 
"
"1","========================================================= 
"
"1","number of observations:"
"1"," "
"1","2531"
"1"," "
"1","
"
"1","number of estimated parameters:"
"1"," "
"1","47"
"1"," "
"1","
"
"1","residual degrees of freedom:"
"1"," "
"1","2484"
"1"," "
"1","
"
"1","maximum log-likelihood:"
"1"," "
"1","-17270.32"
"1"," "
"1","
 
"
"1","AIC("
"1",""
"1","2"
"1",""
"1","): "
"1",""
"1","34634.64"
"1",""
"1","
"
"1","BIC("
"1",""
"1","2"
"1",""
"1","): "
"1",""
"1","34908.95"
"1",""
"1","
"
"1","G^2("
"1",""
"1","2"
"1",""
"1","): "
"1",""
"1","5980.835"
"1",""
"1"," (Likelihood ratio/deviance statistic) 
"
"1","X^2("
"1",""
"1","2"
"1",""
"1","): "
"1",""
"1","1087975"
"1",""
"1"," (Chi-square goodness of fit) 
 
"
"0","set.seed(123741) # para mantener el mismo orden de las clases"
"0",""
"0","lc3=poLCA(f, base_proc, nclass=3, graphs = F, maxiter = 5000, nrep = 3, tol=0.000001000)"
"1","Model "
"1",""
"1","1"
"1",""
"1",": llik = "
"1",""
"1","-16373.55"
"1",""
"1"," ... best llik = "
"1",""
"1","-16373.55"
"1",""
"1","
"
"1","Model "
"1",""
"1","2"
"1",""
"1",": llik = "
"1",""
"1","-16373.55"
"1",""
"1"," ... best llik = "
"1",""
"1","-16373.55"
"1",""
"1","
"
"1","Model "
"1",""
"1","3"
"1",""
"1",": llik = "
"1",""
"1","-16373.55"
"1",""
"1"," ... best llik = "
"1",""
"1","-16373.55"
"1",""
"1","
"
"1","Conditional item response (column) probabilities,
 by outcome variable, for each class (row) 
 
"
"1","$contrato
"
"1","         "
"1","  Pr(1)"
"1","  Pr(2)"
"1","
class 1: "
"1"," 0.0014"
"1"," 0.9986"
"1","
class 2: "
"1"," 0.9203"
"1"," 0.0797"
"1","
class 3: "
"1"," 0.0158"
"1"," 0.9842"
"1","
"
"1","
"
"1","$contrato_duracion
"
"1","         "
"1","  Pr(1)"
"1","  Pr(2)"
"1","
class 1: "
"1"," 0.2367"
"1"," 0.7633"
"1","
class 2: "
"1"," 0.8759"
"1"," 0.1241"
"1","
class 3: "
"1"," 0.9539"
"1"," 0.0461"
"1","
"
"1","
"
"1","$contrato_sub
"
"1","         "
"1","  Pr(1)"
"1","  Pr(2)"
"1","  Pr(3)"
"1","
class 1: "
"1"," 0.5968"
"1"," 0.0000"
"1"," 0.4032"
"1","
class 2: "
"1"," 0.5320"
"1"," 0.3353"
"1"," 0.1327"
"1","
class 3: "
"1"," 0.7235"
"1"," 0.0689"
"1"," 0.2075"
"1","
"
"1","
"
"1","$cotiza_prev
"
"1","         "
"1","  Pr(1)"
"1","  Pr(2)"
"1","
class 1: "
"1"," 0.0253"
"1"," 0.9747"
"1","
class 2: "
"1"," 0.9628"
"1"," 0.0372"
"1","
class 3: "
"1"," 0.0163"
"1"," 0.9837"
"1","
"
"1","
"
"1","$cotiza_salud
"
"1","         "
"1","  Pr(1)"
"1","  Pr(2)"
"1","
class 1: "
"1"," 0.0022"
"1"," 0.9978"
"1","
class 2: "
"1"," 0.9625"
"1"," 0.0375"
"1","
class 3: "
"1"," 0.0061"
"1"," 0.9939"
"1","
"
"1","
"
"1","$cotiza_seguro
"
"1","         "
"1","  Pr(1)"
"1","  Pr(2)"
"1","
class 1: "
"1"," 0.1706"
"1"," 0.8294"
"1","
class 2: "
"1"," 0.9938"
"1"," 0.0062"
"1","
class 3: "
"1"," 0.0753"
"1"," 0.9247"
"1","
"
"1","
"
"1","$ingresos
"
"1","         "
"1","  Pr(1)"
"1","  Pr(2)"
"1","  Pr(3)"
"1","  Pr(4)"
"1","
class 1: "
"1"," 0.1502"
"1"," 0.2563"
"1"," 0.3028"
"1"," 0.2906"
"1","
class 2: "
"1"," 0.7302"
"1"," 0.1363"
"1"," 0.1052"
"1"," 0.0283"
"1","
class 3: "
"1"," 0.4322"
"1"," 0.2512"
"1"," 0.1829"
"1"," 0.1337"
"1","
"
"1","
"
"1","$lugar_trab
"
"1","         "
"1","  Pr(1)"
"1","  Pr(2)"
"1","  Pr(3)"
"1","  Pr(4)"
"1","  Pr(5)"
"1","  Pr(6)"
"1","  Pr(7)"
"1","  Pr(8)"
"1","
class 1: "
"1"," 0.6539"
"1"," 0.0016"
"1"," 0.1062"
"1"," 0.0086"
"1"," 0.1122"
"1"," 0.0038"
"1"," 0.0979"
"1"," 0.0157"
"1","
class 2: "
"1"," 0.2124"
"1"," 0.0057"
"1"," 0.0566"
"1"," 0.0680"
"1"," 0.1189"
"1"," 0.0057"
"1"," 0.0055"
"1"," 0.5273"
"1","
class 3: "
"1"," 0.4339"
"1"," 0.0000"
"1"," 0.0981"
"1"," 0.0082"
"1"," 0.2662"
"1"," 0.0020"
"1"," 0.0120"
"1"," 0.1798"
"1","
"
"1","
"
"1","$cond_vacaciones
"
"1","         "
"1","  Pr(1)"
"1","  Pr(2)"
"1","
class 1: "
"1"," 0.0049"
"1"," 0.9951"
"1","
class 2: "
"1"," 0.9941"
"1"," 0.0059"
"1","
class 3: "
"1"," 0.7257"
"1"," 0.2743"
"1","
"
"1","
"
"1","$cond_enfermedad
"
"1","         "
"1","  Pr(1)"
"1","  Pr(2)"
"1","
class 1: "
"1"," 0.0062"
"1"," 0.9938"
"1","
class 2: "
"1"," 1.0000"
"1"," 0.0000"
"1","
class 3: "
"1"," 0.1344"
"1"," 0.8656"
"1","
"
"1","
"
"1","$cond_maternidad
"
"1","         "
"1","  Pr(1)"
"1","  Pr(2)"
"1","
class 1: "
"1"," 0.0319"
"1"," 0.9681"
"1","
class 2: "
"1"," 0.9943"
"1"," 0.0057"
"1","
class 3: "
"1"," 0.3257"
"1"," 0.6743"
"1","
"
"1","
"
"1","$cond_guarderia
"
"1","         "
"1","  Pr(1)"
"1","  Pr(2)"
"1","
class 1: "
"1"," 0.5961"
"1"," 0.4039"
"1","
class 2: "
"1"," 1.0000"
"1"," 0.0000"
"1","
class 3: "
"1"," 0.9704"
"1"," 0.0296"
"1","
"
"1","
"
"1","$horas
"
"1","         "
"1","  Pr(1)"
"1","  Pr(2)"
"1","  Pr(3)"
"1","
class 1: "
"1"," 0.8405"
"1"," 0.0563"
"1"," 0.1033"
"1","
class 2: "
"1"," 0.6687"
"1"," 0.2373"
"1"," 0.0940"
"1","
class 3: "
"1"," 0.7852"
"1"," 0.0952"
"1"," 0.1196"
"1","
"
"1","
"
"1","Estimated class population shares 
"
"1"," "
"1","0.7307"
"1"," "
"1","0.0698"
"1"," "
"1","0.1995"
"1"," "
"1","
 
"
"1","Predicted class memberships (by modal posterior prob.) 
"
"1"," "
"1","0.7542"
"1"," "
"1","0.0699"
"1"," "
"1","0.1758"
"1"," "
"1","
 
"
"1","========================================================= 
"
"1","Fit for"
"1"," "
"1","3"
"1"," "
"1","latent classes: 
"
"1","========================================================= 
"
"1","number of observations:"
"1"," "
"1","2531"
"1"," "
"1","
"
"1","number of estimated parameters:"
"1"," "
"1","71"
"1"," "
"1","
"
"1","residual degrees of freedom:"
"1"," "
"1","2460"
"1"," "
"1","
"
"1","maximum log-likelihood:"
"1"," "
"1","-16373.55"
"1"," "
"1","
 
"
"1","AIC("
"1",""
"1","3"
"1",""
"1","): "
"1",""
"1","32889.1"
"1",""
"1","
"
"1","BIC("
"1",""
"1","3"
"1",""
"1","): "
"1",""
"1","33303.48"
"1",""
"1","
"
"1","G^2("
"1",""
"1","3"
"1",""
"1","): "
"1",""
"1","4187.294"
"1",""
"1"," (Likelihood ratio/deviance statistic) 
"
"1","X^2("
"1",""
"1","3"
"1",""
"1","): "
"1",""
"1","502657.6"
"1",""
"1"," (Chi-square goodness of fit) 
 
"
"0","lc4=poLCA(f, base_proc, nclass=4, graphs = F, maxiter = 5000, nrep = 3, tol=0.000001000)"
"1","Model "
"1",""
"1","1"
"1",""
"1",": llik = "
"1",""
"1","-16044.3"
"1",""
"1"," ... best llik = "
"1",""
"1","-16044.3"
"1",""
"1","
"
"1","Model "
"1",""
"1","2"
"1",""
"1",": llik = "
"1",""
"1","-16043.7"
"1",""
"1"," ... best llik = "
"1",""
"1","-16043.7"
"1",""
"1","
"
"1","Model "
"1",""
"1","3"
"1",""
"1",": llik = "
"1",""
"1","-16043.7"
"1",""
"1"," ... best llik = "
"1",""
"1","-16043.7"
"1",""
"1","
"
"1","Conditional item response (column) probabilities,
 by outcome variable, for each class (row) 
 
"
"1","$contrato
"
"1","         "
"1","  Pr(1)"
"1","  Pr(2)"
"1","
class 1: "
"1"," 0.0188"
"1"," 0.9812"
"1","
class 2: "
"1"," 0.0000"
"1"," 1.0000"
"1","
class 3: "
"1"," 0.9208"
"1"," 0.0792"
"1","
class 4: "
"1"," 0.0034"
"1"," 0.9966"
"1","
"
"1","
"
"1","$contrato_duracion
"
"1","         "
"1","  Pr(1)"
"1","  Pr(2)"
"1","
class 1: "
"1"," 0.9591"
"1"," 0.0409"
"1","
class 2: "
"1"," 0.2576"
"1"," 0.7424"
"1","
class 3: "
"1"," 0.8758"
"1"," 0.1242"
"1","
class 4: "
"1"," 0.2578"
"1"," 0.7422"
"1","
"
"1","
"
"1","$contrato_sub
"
"1","         "
"1","  Pr(1)"
"1","  Pr(2)"
"1","  Pr(3)"
"1","
class 1: "
"1"," 0.6964"
"1"," 0.0782"
"1"," 0.2254"
"1","
class 2: "
"1"," 0.8282"
"1"," 0.0000"
"1"," 0.1718"
"1","
class 3: "
"1"," 0.5335"
"1"," 0.3359"
"1"," 0.1306"
"1","
class 4: "
"1"," 0.2744"
"1"," 0.0000"
"1"," 0.7256"
"1","
"
"1","
"
"1","$cotiza_prev
"
"1","         "
"1","  Pr(1)"
"1","  Pr(2)"
"1","
class 1: "
"1"," 0.0208"
"1"," 0.9792"
"1","
class 2: "
"1"," 0.0095"
"1"," 0.9905"
"1","
class 3: "
"1"," 0.9660"
"1"," 0.0340"
"1","
class 4: "
"1"," 0.0457"
"1"," 0.9543"
"1","
"
"1","
"
"1","$cotiza_salud
"
"1","         "
"1","  Pr(1)"
"1","  Pr(2)"
"1","
class 1: "
"1"," 0.0070"
"1"," 0.9930"
"1","
class 2: "
"1"," 0.0000"
"1"," 1.0000"
"1","
class 3: "
"1"," 0.9658"
"1"," 0.0342"
"1","
class 4: "
"1"," 0.0052"
"1"," 0.9948"
"1","
"
"1","
"
"1","$cotiza_seguro
"
"1","         "
"1","  Pr(1)"
"1","  Pr(2)"
"1","
class 1: "
"1"," 0.0906"
"1"," 0.9094"
"1","
class 2: "
"1"," 0.0049"
"1"," 0.9951"
"1","
class 3: "
"1"," 0.9941"
"1"," 0.0059"
"1","
class 4: "
"1"," 0.4038"
"1"," 0.5962"
"1","
"
"1","
"
"1","$ingresos
"
"1","         "
"1","  Pr(1)"
"1","  Pr(2)"
"1","  Pr(3)"
"1","  Pr(4)"
"1","
class 1: "
"1"," 0.4389"
"1"," 0.2526"
"1"," 0.1843"
"1"," 0.1243"
"1","
class 2: "
"1"," 0.1816"
"1"," 0.2589"
"1"," 0.2979"
"1"," 0.2616"
"1","
class 3: "
"1"," 0.7311"
"1"," 0.1362"
"1"," 0.1042"
"1"," 0.0284"
"1","
class 4: "
"1"," 0.1211"
"1"," 0.2512"
"1"," 0.3002"
"1"," 0.3274"
"1","
"
"1","
"
"1","$lugar_trab
"
"1","         "
"1","  Pr(1)"
"1","  Pr(2)"
"1","  Pr(3)"
"1","  Pr(4)"
"1","  Pr(5)"
"1","  Pr(6)"
"1","  Pr(7)"
"1","  Pr(8)"
"1","
class 1: "
"1"," 0.4473"
"1"," 0.0000"
"1"," 0.0913"
"1"," 0.0091"
"1"," 0.2462"
"1"," 0.0022"
"1"," 0.0131"
"1"," 0.1908"
"1","
class 2: "
"1"," 0.5700"
"1"," 0.0008"
"1"," 0.1621"
"1"," 0.0104"
"1"," 0.2026"
"1"," 0.0021"
"1"," 0.0215"
"1"," 0.0305"
"1","
class 3: "
"1"," 0.2109"
"1"," 0.0057"
"1"," 0.0568"
"1"," 0.0682"
"1"," 0.1194"
"1"," 0.0057"
"1"," 0.0052"
"1"," 0.5281"
"1","
class 4: "
"1"," 0.7552"
"1"," 0.0027"
"1"," 0.0256"
"1"," 0.0052"
"1"," 0.0000"
"1"," 0.0060"
"1"," 0.2053"
"1"," 0.0000"
"1","
"
"1","
"
"1","$cond_vacaciones
"
"1","         "
"1","  Pr(1)"
"1","  Pr(2)"
"1","
class 1: "
"1"," 0.8235"
"1"," 0.1765"
"1","
class 2: "
"1"," 0.0022"
"1"," 0.9978"
"1","
class 3: "
"1"," 0.9939"
"1"," 0.0061"
"1","
class 4: "
"1"," 0.0080"
"1"," 0.9920"
"1","
"
"1","
"
"1","$cond_enfermedad
"
"1","         "
"1","  Pr(1)"
"1","  Pr(2)"
"1","
class 1: "
"1"," 0.1516"
"1"," 0.8484"
"1","
class 2: "
"1"," 0.0056"
"1"," 0.9944"
"1","
class 3: "
"1"," 1.0000"
"1"," 0.0000"
"1","
class 4: "
"1"," 0.0078"
"1"," 0.9922"
"1","
"
"1","
"
"1","$cond_maternidad
"
"1","         "
"1","  Pr(1)"
"1","  Pr(2)"
"1","
class 1: "
"1"," 0.3529"
"1"," 0.6471"
"1","
class 2: "
"1"," 0.0467"
"1"," 0.9533"
"1","
class 3: "
"1"," 0.9943"
"1"," 0.0057"
"1","
class 4: "
"1"," 0.0170"
"1"," 0.9830"
"1","
"
"1","
"
"1","$cond_guarderia
"
"1","         "
"1","  Pr(1)"
"1","  Pr(2)"
"1","
class 1: "
"1"," 0.9685"
"1"," 0.0315"
"1","
class 2: "
"1"," 0.7731"
"1"," 0.2269"
"1","
class 3: "
"1"," 1.0000"
"1"," 0.0000"
"1","
class 4: "
"1"," 0.3604"
"1"," 0.6396"
"1","
"
"1","
"
"1","$horas
"
"1","         "
"1","  Pr(1)"
"1","  Pr(2)"
"1","  Pr(3)"
"1","
class 1: "
"1"," 0.7800"
"1"," 0.1026"
"1"," 0.1174"
"1","
class 2: "
"1"," 0.8437"
"1"," 0.0310"
"1"," 0.1253"
"1","
class 3: "
"1"," 0.6697"
"1"," 0.2374"
"1"," 0.0929"
"1","
class 4: "
"1"," 0.8340"
"1"," 0.0930"
"1"," 0.0730"
"1","
"
"1","
"
"1","Estimated class population shares 
"
"1"," "
"1","0.1764"
"1"," "
"1","0.4527"
"1"," "
"1","0.0695"
"1"," "
"1","0.3014"
"1"," "
"1","
 
"
"1","Predicted class memberships (by modal posterior prob.) 
"
"1"," "
"1","0.1624"
"1"," "
"1","0.4931"
"1"," "
"1","0.0695"
"1"," "
"1","0.275"
"1"," "
"1","
 
"
"1","========================================================= 
"
"1","Fit for"
"1"," "
"1","4"
"1"," "
"1","latent classes: 
"
"1","========================================================= 
"
"1","number of observations:"
"1"," "
"1","2531"
"1"," "
"1","
"
"1","number of estimated parameters:"
"1"," "
"1","95"
"1"," "
"1","
"
"1","residual degrees of freedom:"
"1"," "
"1","2436"
"1"," "
"1","
"
"1","maximum log-likelihood:"
"1"," "
"1","-16043.7"
"1"," "
"1","
 
"
"1","AIC("
"1",""
"1","4"
"1",""
"1","): "
"1",""
"1","32277.41"
"1",""
"1","
"
"1","BIC("
"1",""
"1","4"
"1",""
"1","): "
"1",""
"1","32831.86"
"1",""
"1","
"
"1","G^2("
"1",""
"1","4"
"1",""
"1","): "
"1",""
"1","3527.602"
"1",""
"1"," (Likelihood ratio/deviance statistic) 
"
"1","X^2("
"1",""
"1","4"
"1",""
"1","): "
"1",""
"1","537402.4"
"1",""
"1"," (Chi-square goodness of fit) 
 
"
"0","lc5=poLCA(f, base_proc, nclass=5, graphs = F, maxiter = 5000, nrep = 3, tol=0.000001000)"
"1","Model "
"1",""
"1","1"
"1",""
"1",": llik = "
"1",""
"1","-15910.57"
"1",""
"1"," ... best llik = "
"1",""
"1","-15910.57"
"1",""
"1","
"
"1","Model "
"1",""
"1","2"
"1",""
"1",": llik = "
"1",""
"1","-15953.67"
"1",""
"1"," ... best llik = "
"1",""
"1","-15910.57"
"1",""
"1","
"
"1","Model "
"1",""
"1","3"
"1",""
"1",": llik = "
"1",""
"1","-15924.57"
"1",""
"1"," ... best llik = "
"1",""
"1","-15910.57"
"1",""
"1","
"
"1","Conditional item response (column) probabilities,
 by outcome variable, for each class (row) 
 
"
"1","$contrato
"
"1","         "
"1","  Pr(1)"
"1","  Pr(2)"
"1","
class 1: "
"1"," 0.0191"
"1"," 0.9809"
"1","
class 2: "
"1"," 0.0018"
"1"," 0.9982"
"1","
class 3: "
"1"," 0.9208"
"1"," 0.0792"
"1","
class 4: "
"1"," 0.0000"
"1"," 1.0000"
"1","
class 5: "
"1"," 0.0027"
"1"," 0.9973"
"1","
"
"1","
"
"1","$contrato_duracion
"
"1","         "
"1","  Pr(1)"
"1","  Pr(2)"
"1","
class 1: "
"1"," 0.9630"
"1"," 0.0370"
"1","
class 2: "
"1"," 0.2369"
"1"," 0.7631"
"1","
class 3: "
"1"," 0.8759"
"1"," 0.1241"
"1","
class 4: "
"1"," 0.2369"
"1"," 0.7631"
"1","
class 5: "
"1"," 0.3222"
"1"," 0.6778"
"1","
"
"1","
"
"1","$contrato_sub
"
"1","         "
"1","  Pr(1)"
"1","  Pr(2)"
"1","  Pr(3)"
"1","
class 1: "
"1"," 0.7029"
"1"," 0.0824"
"1"," 0.2146"
"1","
class 2: "
"1"," 0.2377"
"1"," 0.0000"
"1"," 0.7623"
"1","
class 3: "
"1"," 0.5331"
"1"," 0.3358"
"1"," 0.1311"
"1","
class 4: "
"1"," 0.9082"
"1"," 0.0000"
"1"," 0.0918"
"1","
class 5: "
"1"," 0.6431"
"1"," 0.0000"
"1"," 0.3569"
"1","
"
"1","
"
"1","$cotiza_prev
"
"1","         "
"1","  Pr(1)"
"1","  Pr(2)"
"1","
class 1: "
"1"," 0.0143"
"1"," 0.9857"
"1","
class 2: "
"1"," 0.0268"
"1"," 0.9732"
"1","
class 3: "
"1"," 0.9657"
"1"," 0.0343"
"1","
class 4: "
"1"," 0.0104"
"1"," 0.9896"
"1","
class 5: "
"1"," 0.0399"
"1"," 0.9601"
"1","
"
"1","
"
"1","$cotiza_salud
"
"1","         "
"1","  Pr(1)"
"1","  Pr(2)"
"1","
class 1: "
"1"," 0.0074"
"1"," 0.9926"
"1","
class 2: "
"1"," 0.0052"
"1"," 0.9948"
"1","
class 3: "
"1"," 0.9656"
"1"," 0.0344"
"1","
class 4: "
"1"," 0.0000"
"1"," 1.0000"
"1","
class 5: "
"1"," 0.0012"
"1"," 0.9988"
"1","
"
"1","
"
"1","$cotiza_seguro
"
"1","         "
"1","  Pr(1)"
"1","  Pr(2)"
"1","
class 1: "
"1"," 0.0855"
"1"," 0.9145"
"1","
class 2: "
"1"," 0.4414"
"1"," 0.5586"
"1","
class 3: "
"1"," 0.9942"
"1"," 0.0058"
"1","
class 4: "
"1"," 0.0065"
"1"," 0.9935"
"1","
class 5: "
"1"," 0.0647"
"1"," 0.9353"
"1","
"
"1","
"
"1","$ingresos
"
"1","         "
"1","  Pr(1)"
"1","  Pr(2)"
"1","  Pr(3)"
"1","  Pr(4)"
"1","
class 1: "
"1"," 0.4376"
"1"," 0.2450"
"1"," 0.1894"
"1"," 0.1280"
"1","
class 2: "
"1"," 0.0557"
"1"," 0.1964"
"1"," 0.3357"
"1"," 0.4122"
"1","
class 3: "
"1"," 0.7314"
"1"," 0.1358"
"1"," 0.1044"
"1"," 0.0284"
"1","
class 4: "
"1"," 0.0612"
"1"," 0.1301"
"1"," 0.3702"
"1"," 0.4385"
"1","
class 5: "
"1"," 0.3684"
"1"," 0.4514"
"1"," 0.1801"
"1"," 0.0000"
"1","
"
"1","
"
"1","$lugar_trab
"
"1","         "
"1","  Pr(1)"
"1","  Pr(2)"
"1","  Pr(3)"
"1","  Pr(4)"
"1","  Pr(5)"
"1","  Pr(6)"
"1","  Pr(7)"
"1","  Pr(8)"
"1","
class 1: "
"1"," 0.4236"
"1"," 0.0000"
"1"," 0.0850"
"1"," 0.0095"
"1"," 0.2640"
"1"," 0.0024"
"1"," 0.0147"
"1"," 0.2009"
"1","
class 2: "
"1"," 0.7293"
"1"," 0.0021"
"1"," 0.0229"
"1"," 0.0063"
"1"," 0.0000"
"1"," 0.0070"
"1"," 0.2325"
"1"," 0.0000"
"1","
class 3: "
"1"," 0.2110"
"1"," 0.0057"
"1"," 0.0568"
"1"," 0.0682"
"1"," 0.1193"
"1"," 0.0057"
"1"," 0.0053"
"1"," 0.5279"
"1","
class 4: "
"1"," 0.3958"
"1"," 0.0000"
"1"," 0.1720"
"1"," 0.0092"
"1"," 0.3403"
"1"," 0.0028"
"1"," 0.0365"
"1"," 0.0435"
"1","
class 5: "
"1"," 0.8333"
"1"," 0.0026"
"1"," 0.1246"
"1"," 0.0092"
"1"," 0.0000"
"1"," 0.0013"
"1"," 0.0201"
"1"," 0.0088"
"1","
"
"1","
"
"1","$cond_vacaciones
"
"1","         "
"1","  Pr(1)"
"1","  Pr(2)"
"1","
class 1: "
"1"," 0.8674"
"1"," 0.1326"
"1","
class 2: "
"1"," 0.0082"
"1"," 0.9918"
"1","
class 3: "
"1"," 0.9942"
"1"," 0.0058"
"1","
class 4: "
"1"," 0.0041"
"1"," 0.9959"
"1","
class 5: "
"1"," 0.0013"
"1"," 0.9987"
"1","
"
"1","
"
"1","$cond_enfermedad
"
"1","         "
"1","  Pr(1)"
"1","  Pr(2)"
"1","
class 1: "
"1"," 0.1574"
"1"," 0.8426"
"1","
class 2: "
"1"," 0.0063"
"1"," 0.9937"
"1","
class 3: "
"1"," 1.0000"
"1"," 0.0000"
"1","
class 4: "
"1"," 0.0014"
"1"," 0.9986"
"1","
class 5: "
"1"," 0.0134"
"1"," 0.9866"
"1","
"
"1","
"
"1","$cond_maternidad
"
"1","         "
"1","  Pr(1)"
"1","  Pr(2)"
"1","
class 1: "
"1"," 0.3500"
"1"," 0.6500"
"1","
class 2: "
"1"," 0.0041"
"1"," 0.9959"
"1","
class 3: "
"1"," 0.9943"
"1"," 0.0057"
"1","
class 4: "
"1"," 0.0352"
"1"," 0.9648"
"1","
class 5: "
"1"," 0.0774"
"1"," 0.9226"
"1","
"
"1","
"
"1","$cond_guarderia
"
"1","         "
"1","  Pr(1)"
"1","  Pr(2)"
"1","
class 1: "
"1"," 0.9671"
"1"," 0.0329"
"1","
class 2: "
"1"," 0.2838"
"1"," 0.7162"
"1","
class 3: "
"1"," 1.0000"
"1"," 0.0000"
"1","
class 4: "
"1"," 0.7347"
"1"," 0.2653"
"1","
class 5: "
"1"," 0.8012"
"1"," 0.1988"
"1","
"
"1","
"
"1","$horas
"
"1","         "
"1","  Pr(1)"
"1","  Pr(2)"
"1","  Pr(3)"
"1","
class 1: "
"1"," 0.7788"
"1"," 0.1012"
"1"," 0.1200"
"1","
class 2: "
"1"," 0.8546"
"1"," 0.0656"
"1"," 0.0798"
"1","
class 3: "
"1"," 0.6693"
"1"," 0.2376"
"1"," 0.0931"
"1","
class 4: "
"1"," 0.8785"
"1"," 0.0059"
"1"," 0.1156"
"1","
class 5: "
"1"," 0.7835"
"1"," 0.1017"
"1"," 0.1149"
"1","
"
"1","
"
"1","Estimated class population shares 
"
"1"," "
"1","0.1673"
"1"," "
"1","0.2436"
"1"," "
"1","0.0695"
"1"," "
"1","0.2673"
"1"," "
"1","0.2522"
"1"," "
"1","
 
"
"1","Predicted class memberships (by modal posterior prob.) 
"
"1"," "
"1","0.1573"
"1"," "
"1","0.228"
"1"," "
"1","0.0695"
"1"," "
"1","0.2683"
"1"," "
"1","0.277"
"1"," "
"1","
 
"
"1","========================================================= 
"
"1","Fit for"
"1"," "
"1","5"
"1"," "
"1","latent classes: 
"
"1","========================================================= 
"
"1","number of observations:"
"1"," "
"1","2531"
"1"," "
"1","
"
"1","number of estimated parameters:"
"1"," "
"1","119"
"1"," "
"1","
"
"1","residual degrees of freedom:"
"1"," "
"1","2412"
"1"," "
"1","
"
"1","maximum log-likelihood:"
"1"," "
"1","-15910.57"
"1"," "
"1","
 
"
"1","AIC("
"1",""
"1","5"
"1",""
"1","): "
"1",""
"1","32059.13"
"1",""
"1","
"
"1","BIC("
"1",""
"1","5"
"1",""
"1","): "
"1",""
"1","32753.66"
"1",""
"1","
"
"1","G^2("
"1",""
"1","5"
"1",""
"1","): "
"1",""
"1","3261.329"
"1",""
"1"," (Likelihood ratio/deviance statistic) 
"
"1","X^2("
"1",""
"1","5"
"1",""
"1","): "
"1",""
"1","647178.1"
"1",""
"1"," (Chi-square goodness of fit) 
 
"
"0","lc6=poLCA(f, base_proc, nclass=6, graphs = F, maxiter = 5000, nrep = 3, tol=0.000001000)"
"1","Model "
"1",""
"1","1"
"1",""
"1",": llik = "
"1",""
"1","-15837.24"
"1",""
"1"," ... best llik = "
"1",""
"1","-15837.24"
"1",""
"1","
"
"1","Model "
"1",""
"1","2"
"1",""
"1",": llik = "
"1",""
"1","-15810.31"
"1",""
"1"," ... best llik = "
"1",""
"1","-15810.31"
"1",""
"1","
"
"1","Model "
"1",""
"1","3"
"1",""
"1",": llik = "
"1",""
"1","-15837.11"
"1",""
"1"," ... best llik = "
"1",""
"1","-15810.31"
"1",""
"1","
"
"1","Conditional item response (column) probabilities,
 by outcome variable, for each class (row) 
 
"
"1","$contrato
"
"1","         "
"1","  Pr(1)"
"1","  Pr(2)"
"1","
class 1: "
"1"," 0.0412"
"1"," 0.9588"
"1","
class 2: "
"1"," 0.0000"
"1"," 1.0000"
"1","
class 3: "
"1"," 0.0115"
"1"," 0.9885"
"1","
class 4: "
"1"," 0.0011"
"1"," 0.9989"
"1","
class 5: "
"1"," 0.0017"
"1"," 0.9983"
"1","
class 6: "
"1"," 0.9342"
"1"," 0.0658"
"1","
"
"1","
"
"1","$contrato_duracion
"
"1","         "
"1","  Pr(1)"
"1","  Pr(2)"
"1","
class 1: "
"1"," 0.8837"
"1"," 0.1163"
"1","
class 2: "
"1"," 0.2355"
"1"," 0.7645"
"1","
class 3: "
"1"," 0.9726"
"1"," 0.0274"
"1","
class 4: "
"1"," 0.2799"
"1"," 0.7201"
"1","
class 5: "
"1"," 0.2403"
"1"," 0.7597"
"1","
class 6: "
"1"," 0.8874"
"1"," 0.1126"
"1","
"
"1","
"
"1","$contrato_sub
"
"1","         "
"1","  Pr(1)"
"1","  Pr(2)"
"1","  Pr(3)"
"1","
class 1: "
"1"," 0.5224"
"1"," 0.0000"
"1"," 0.4776"
"1","
class 2: "
"1"," 0.9082"
"1"," 0.0000"
"1"," 0.0918"
"1","
class 3: "
"1"," 0.8212"
"1"," 0.1245"
"1"," 0.0543"
"1","
class 4: "
"1"," 0.6728"
"1"," 0.0000"
"1"," 0.3272"
"1","
class 5: "
"1"," 0.2652"
"1"," 0.0000"
"1"," 0.7348"
"1","
class 6: "
"1"," 0.5428"
"1"," 0.3449"
"1"," 0.1123"
"1","
"
"1","
"
"1","$cotiza_prev
"
"1","         "
"1","  Pr(1)"
"1","  Pr(2)"
"1","
class 1: "
"1"," 0.0879"
"1"," 0.9121"
"1","
class 2: "
"1"," 0.0135"
"1"," 0.9865"
"1","
class 3: "
"1"," 0.0063"
"1"," 0.9937"
"1","
class 4: "
"1"," 0.0061"
"1"," 0.9939"
"1","
class 5: "
"1"," 0.0407"
"1"," 0.9593"
"1","
class 6: "
"1"," 0.9819"
"1"," 0.0181"
"1","
"
"1","
"
"1","$cotiza_salud
"
"1","         "
"1","  Pr(1)"
"1","  Pr(2)"
"1","
class 1: "
"1"," 0.0132"
"1"," 0.9868"
"1","
class 2: "
"1"," 0.0000"
"1"," 1.0000"
"1","
class 3: "
"1"," 0.0076"
"1"," 0.9924"
"1","
class 4: "
"1"," 0.0000"
"1"," 1.0000"
"1","
class 5: "
"1"," 0.0049"
"1"," 0.9951"
"1","
class 6: "
"1"," 0.9883"
"1"," 0.0117"
"1","
"
"1","
"
"1","$cotiza_seguro
"
"1","         "
"1","  Pr(1)"
"1","  Pr(2)"
"1","
class 1: "
"1"," 0.2518"
"1"," 0.7482"
"1","
class 2: "
"1"," 0.0072"
"1"," 0.9928"
"1","
class 3: "
"1"," 0.0330"
"1"," 0.9670"
"1","
class 4: "
"1"," 0.0000"
"1"," 1.0000"
"1","
class 5: "
"1"," 0.4594"
"1"," 0.5406"
"1","
class 6: "
"1"," 0.9942"
"1"," 0.0058"
"1","
"
"1","
"
"1","$ingresos
"
"1","         "
"1","  Pr(1)"
"1","  Pr(2)"
"1","  Pr(3)"
"1","  Pr(4)"
"1","
class 1: "
"1"," 0.5166"
"1"," 0.2830"
"1"," 0.1438"
"1"," 0.0566"
"1","
class 2: "
"1"," 0.0442"
"1"," 0.1086"
"1"," 0.3356"
"1"," 0.5116"
"1","
class 3: "
"1"," 0.3787"
"1"," 0.2370"
"1"," 0.2185"
"1"," 0.1658"
"1","
class 4: "
"1"," 0.3315"
"1"," 0.4170"
"1"," 0.2516"
"1"," 0.0000"
"1","
class 5: "
"1"," 0.0690"
"1"," 0.2126"
"1"," 0.3181"
"1"," 0.4003"
"1","
class 6: "
"1"," 0.7310"
"1"," 0.1394"
"1"," 0.1004"
"1"," 0.0292"
"1","
"
"1","
"
"1","$lugar_trab
"
"1","         "
"1","  Pr(1)"
"1","  Pr(2)"
"1","  Pr(3)"
"1","  Pr(4)"
"1","  Pr(5)"
"1","  Pr(6)"
"1","  Pr(7)"
"1","  Pr(8)"
"1","
class 1: "
"1"," 0.8014"
"1"," 0.0000"
"1"," 0.1470"
"1"," 0.0127"
"1"," 0.0000"
"1"," 0.0000"
"1"," 0.0388"
"1"," 0.0000"
"1","
class 2: "
"1"," 0.3425"
"1"," 0.0000"
"1"," 0.1811"
"1"," 0.0064"
"1"," 0.3870"
"1"," 0.0025"
"1"," 0.0362"
"1"," 0.0442"
"1","
class 3: "
"1"," 0.1966"
"1"," 0.0000"
"1"," 0.0513"
"1"," 0.0058"
"1"," 0.4309"
"1"," 0.0036"
"1"," 0.0026"
"1"," 0.3093"
"1","
class 4: "
"1"," 0.8217"
"1"," 0.0014"
"1"," 0.1255"
"1"," 0.0125"
"1"," 0.0034"
"1"," 0.0020"
"1"," 0.0212"
"1"," 0.0123"
"1","
class 5: "
"1"," 0.7347"
"1"," 0.0032"
"1"," 0.0248"
"1"," 0.0059"
"1"," 0.0000"
"1"," 0.0066"
"1"," 0.2247"
"1"," 0.0000"
"1","
class 6: "
"1"," 0.1945"
"1"," 0.0058"
"1"," 0.0584"
"1"," 0.0701"
"1"," 0.1227"
"1"," 0.0058"
"1"," 0.0000"
"1"," 0.5426"
"1","
"
"1","
"
"1","$cond_vacaciones
"
"1","         "
"1","  Pr(1)"
"1","  Pr(2)"
"1","
class 1: "
"1"," 0.7575"
"1"," 0.2425"
"1","
class 2: "
"1"," 0.0056"
"1"," 0.9944"
"1","
class 3: "
"1"," 0.8081"
"1"," 0.1919"
"1","
class 4: "
"1"," 0.0000"
"1"," 1.0000"
"1","
class 5: "
"1"," 0.0048"
"1"," 0.9952"
"1","
class 6: "
"1"," 0.9942"
"1"," 0.0058"
"1","
"
"1","
"
"1","$cond_enfermedad
"
"1","         "
"1","  Pr(1)"
"1","  Pr(2)"
"1","
class 1: "
"1"," 0.2248"
"1"," 0.7752"
"1","
class 2: "
"1"," 0.0024"
"1"," 0.9976"
"1","
class 3: "
"1"," 0.1072"
"1"," 0.8928"
"1","
class 4: "
"1"," 0.0088"
"1"," 0.9912"
"1","
class 5: "
"1"," 0.0056"
"1"," 0.9944"
"1","
class 6: "
"1"," 1.0000"
"1"," 0.0000"
"1","
"
"1","
"
"1","$cond_maternidad
"
"1","         "
"1","  Pr(1)"
"1","  Pr(2)"
"1","
class 1: "
"1"," 0.4321"
"1"," 0.5679"
"1","
class 2: "
"1"," 0.0338"
"1"," 0.9662"
"1","
class 3: "
"1"," 0.3046"
"1"," 0.6954"
"1","
class 4: "
"1"," 0.0529"
"1"," 0.9471"
"1","
class 5: "
"1"," 0.0067"
"1"," 0.9933"
"1","
class 6: "
"1"," 0.9942"
"1"," 0.0058"
"1","
"
"1","
"
"1","$cond_guarderia
"
"1","         "
"1","  Pr(1)"
"1","  Pr(2)"
"1","
class 1: "
"1"," 0.9536"
"1"," 0.0464"
"1","
class 2: "
"1"," 0.7268"
"1"," 0.2732"
"1","
class 3: "
"1"," 0.9757"
"1"," 0.0243"
"1","
class 4: "
"1"," 0.7870"
"1"," 0.2130"
"1","
class 5: "
"1"," 0.3052"
"1"," 0.6948"
"1","
class 6: "
"1"," 1.0000"
"1"," 0.0000"
"1","
"
"1","
"
"1","$horas
"
"1","         "
"1","  Pr(1)"
"1","  Pr(2)"
"1","  Pr(3)"
"1","
class 1: "
"1"," 0.5736"
"1"," 0.2420"
"1"," 0.1844"
"1","
class 2: "
"1"," 0.8737"
"1"," 0.0083"
"1"," 0.1181"
"1","
class 3: "
"1"," 0.9198"
"1"," 0.0142"
"1"," 0.0660"
"1","
class 4: "
"1"," 0.7984"
"1"," 0.0785"
"1"," 0.1232"
"1","
class 5: "
"1"," 0.8542"
"1"," 0.0702"
"1"," 0.0756"
"1","
class 6: "
"1"," 0.6782"
"1"," 0.2338"
"1"," 0.0881"
"1","
"
"1","
"
"1","Estimated class population shares 
"
"1"," "
"1","0.077"
"1"," "
"1","0.2233"
"1"," "
"1","0.111"
"1"," "
"1","0.2662"
"1"," "
"1","0.2549"
"1"," "
"1","0.0676"
"1"," "
"1","
 
"
"1","Predicted class memberships (by modal posterior prob.) 
"
"1"," "
"1","0.0676"
"1"," "
"1","0.1849"
"1"," "
"1","0.1071"
"1"," "
"1","0.339"
"1"," "
"1","0.2339"
"1"," "
"1","0.0676"
"1"," "
"1","
 
"
"1","========================================================= 
"
"1","Fit for"
"1"," "
"1","6"
"1"," "
"1","latent classes: 
"
"1","========================================================= 
"
"1","number of observations:"
"1"," "
"1","2531"
"1"," "
"1","
"
"1","number of estimated parameters:"
"1"," "
"1","143"
"1"," "
"1","
"
"1","residual degrees of freedom:"
"1"," "
"1","2388"
"1"," "
"1","
"
"1","maximum log-likelihood:"
"1"," "
"1","-15810.31"
"1"," "
"1","
 
"
"1","AIC("
"1",""
"1","6"
"1",""
"1","): "
"1",""
"1","31906.62"
"1",""
"1","
"
"1","BIC("
"1",""
"1","6"
"1",""
"1","): "
"1",""
"1","32741.22"
"1",""
"1","
"
"1","G^2("
"1",""
"1","6"
"1",""
"1","): "
"1",""
"1","3060.818"
"1",""
"1"," (Likelihood ratio/deviance statistic) 
"
"1","X^2("
"1",""
"1","6"
"1",""
"1","): "
"1",""
"1","495038.9"
"1",""
"1"," (Chi-square goodness of fit) 
 
"
"0","lc7=poLCA(f, base_proc, nclass=7, graphs = F, maxiter = 5000, nrep = 3, tol=0.000001000)"
"1","Model "
"1",""
"1","1"
"1",""
"1",": llik = "
"1",""
"1","-15715.35"
"1",""
"1"," ... best llik = "
"1",""
"1","-15715.35"
"1",""
"1","
"
"1","Model "
"1",""
"1","2"
"1",""
"1",": llik = "
"1",""
"1","-15722.73"
"1",""
"1"," ... best llik = "
"1",""
"1","-15715.35"
"1",""
"1","
"
"1","Model "
"1",""
"1","3"
"1",""
"1",": llik = "
"1",""
"1","-15746.03"
"1",""
"1"," ... best llik = "
"1",""
"1","-15715.35"
"1",""
"1","
"
"1","Conditional item response (column) probabilities,
 by outcome variable, for each class (row) 
 
"
"1","$contrato
"
"1","         "
"1","  Pr(1)"
"1","  Pr(2)"
"1","
class 1: "
"1"," 0.9293"
"1"," 0.0707"
"1","
class 2: "
"1"," 0.0000"
"1"," 1.0000"
"1","
class 3: "
"1"," 0.0017"
"1"," 0.9983"
"1","
class 4: "
"1"," 0.0408"
"1"," 0.9592"
"1","
class 5: "
"1"," 0.0544"
"1"," 0.9456"
"1","
class 6: "
"1"," 0.0017"
"1"," 0.9983"
"1","
class 7: "
"1"," 0.0000"
"1"," 1.0000"
"1","
"
"1","
"
"1","$contrato_duracion
"
"1","         "
"1","  Pr(1)"
"1","  Pr(2)"
"1","
class 1: "
"1"," 0.8878"
"1"," 0.1122"
"1","
class 2: "
"1"," 0.0836"
"1"," 0.9164"
"1","
class 3: "
"1"," 0.2653"
"1"," 0.7347"
"1","
class 4: "
"1"," 0.9451"
"1"," 0.0549"
"1","
class 5: "
"1"," 0.2552"
"1"," 0.7448"
"1","
class 6: "
"1"," 0.3598"
"1"," 0.6402"
"1","
class 7: "
"1"," 0.9843"
"1"," 0.0157"
"1","
"
"1","
"
"1","$contrato_sub
"
"1","         "
"1","  Pr(1)"
"1","  Pr(2)"
"1","  Pr(3)"
"1","
class 1: "
"1"," 0.5376"
"1"," 0.3473"
"1"," 0.1151"
"1","
class 2: "
"1"," 0.8707"
"1"," 0.0000"
"1"," 0.1293"
"1","
class 3: "
"1"," 0.2066"
"1"," 0.0000"
"1"," 0.7934"
"1","
class 4: "
"1"," 0.5667"
"1"," 0.1280"
"1"," 0.3053"
"1","
class 5: "
"1"," 0.9052"
"1"," 0.0000"
"1"," 0.0948"
"1","
class 6: "
"1"," 0.6386"
"1"," 0.0000"
"1"," 0.3614"
"1","
class 7: "
"1"," 0.9503"
"1"," 0.0000"
"1"," 0.0497"
"1","
"
"1","
"
"1","$cotiza_prev
"
"1","         "
"1","  Pr(1)"
"1","  Pr(2)"
"1","
class 1: "
"1"," 0.9865"
"1"," 0.0135"
"1","
class 2: "
"1"," 0.0118"
"1"," 0.9882"
"1","
class 3: "
"1"," 0.0099"
"1"," 0.9901"
"1","
class 4: "
"1"," 0.0168"
"1"," 0.9832"
"1","
class 5: "
"1"," 0.8400"
"1"," 0.1600"
"1","
class 6: "
"1"," 0.0105"
"1"," 0.9895"
"1","
class 7: "
"1"," 0.0100"
"1"," 0.9900"
"1","
"
"1","
"
"1","$cotiza_salud
"
"1","         "
"1","  Pr(1)"
"1","  Pr(2)"
"1","
class 1: "
"1"," 0.9895"
"1"," 0.0105"
"1","
class 2: "
"1"," 0.0000"
"1"," 1.0000"
"1","
class 3: "
"1"," 0.0032"
"1"," 0.9968"
"1","
class 4: "
"1"," 0.0112"
"1"," 0.9888"
"1","
class 5: "
"1"," 0.0847"
"1"," 0.9153"
"1","
class 6: "
"1"," 0.0000"
"1"," 1.0000"
"1","
class 7: "
"1"," 0.0035"
"1"," 0.9965"
"1","
"
"1","
"
"1","$cotiza_seguro
"
"1","         "
"1","  Pr(1)"
"1","  Pr(2)"
"1","
class 1: "
"1"," 0.9962"
"1"," 0.0038"
"1","
class 2: "
"1"," 0.0056"
"1"," 0.9944"
"1","
class 3: "
"1"," 0.4693"
"1"," 0.5307"
"1","
class 4: "
"1"," 0.1359"
"1"," 0.8641"
"1","
class 5: "
"1"," 1.0000"
"1"," 0.0000"
"1","
class 6: "
"1"," 0.0043"
"1"," 0.9957"
"1","
class 7: "
"1"," 0.0143"
"1"," 0.9857"
"1","
"
"1","
"
"1","$ingresos
"
"1","         "
"1","  Pr(1)"
"1","  Pr(2)"
"1","  Pr(3)"
"1","  Pr(4)"
"1","
class 1: "
"1"," 0.7377"
"1"," 0.1360"
"1"," 0.0968"
"1"," 0.0294"
"1","
class 2: "
"1"," 0.0334"
"1"," 0.1488"
"1"," 0.4102"
"1"," 0.4075"
"1","
class 3: "
"1"," 0.0682"
"1"," 0.2010"
"1"," 0.3287"
"1"," 0.4022"
"1","
class 4: "
"1"," 0.5253"
"1"," 0.2834"
"1"," 0.1390"
"1"," 0.0523"
"1","
class 5: "
"1"," 0.1389"
"1"," 0.5168"
"1"," 0.2371"
"1"," 0.1072"
"1","
class 6: "
"1"," 0.4176"
"1"," 0.4507"
"1"," 0.1317"
"1"," 0.0000"
"1","
class 7: "
"1"," 0.2171"
"1"," 0.1450"
"1"," 0.2951"
"1"," 0.3429"
"1","
"
"1","
"
"1","$lugar_trab
"
"1","         "
"1","  Pr(1)"
"1","  Pr(2)"
"1","  Pr(3)"
"1","  Pr(4)"
"1","  Pr(5)"
"1","  Pr(6)"
"1","  Pr(7)"
"1","  Pr(8)"
"1","
class 1: "
"1"," 0.2009"
"1"," 0.0059"
"1"," 0.0589"
"1"," 0.0706"
"1"," 0.1177"
"1"," 0.0059"
"1"," 0.0000"
"1"," 0.5401"
"1","
class 2: "
"1"," 0.4822"
"1"," 0.0000"
"1"," 0.1734"
"1"," 0.0116"
"1"," 0.2398"
"1"," 0.0029"
"1"," 0.0552"
"1"," 0.0348"
"1","
class 3: "
"1"," 0.7408"
"1"," 0.0019"
"1"," 0.0165"
"1"," 0.0053"
"1"," 0.0000"
"1"," 0.0051"
"1"," 0.2304"
"1"," 0.0000"
"1","
class 4: "
"1"," 0.5355"
"1"," 0.0000"
"1"," 0.1033"
"1"," 0.0146"
"1"," 0.0468"
"1"," 0.0000"
"1"," 0.0238"
"1"," 0.2760"
"1","
class 5: "
"1"," 0.7091"
"1"," 0.0243"
"1"," 0.1869"
"1"," 0.0000"
"1"," 0.0533"
"1"," 0.0265"
"1"," 0.0000"
"1"," 0.0000"
"1","
class 6: "
"1"," 0.8187"
"1"," 0.0018"
"1"," 0.1374"
"1"," 0.0094"
"1"," 0.0000"
"1"," 0.0020"
"1"," 0.0162"
"1"," 0.0146"
"1","
class 7: "
"1"," 0.1899"
"1"," 0.0000"
"1"," 0.0426"
"1"," 0.0000"
"1"," 0.7000"
"1"," 0.0041"
"1"," 0.0029"
"1"," 0.0605"
"1","
"
"1","
"
"1","$cond_vacaciones
"
"1","         "
"1","  Pr(1)"
"1","  Pr(2)"
"1","
class 1: "
"1"," 1.0000"
"1"," 0.0000"
"1","
class 2: "
"1"," 0.0026"
"1"," 0.9974"
"1","
class 3: "
"1"," 0.0089"
"1"," 0.9911"
"1","
class 4: "
"1"," 0.9233"
"1"," 0.0767"
"1","
class 5: "
"1"," 0.0000"
"1"," 1.0000"
"1","
class 6: "
"1"," 0.0019"
"1"," 0.9981"
"1","
class 7: "
"1"," 0.4913"
"1"," 0.5087"
"1","
"
"1","
"
"1","$cond_enfermedad
"
"1","         "
"1","  Pr(1)"
"1","  Pr(2)"
"1","
class 1: "
"1"," 1.0000"
"1"," 0.0000"
"1","
class 2: "
"1"," 0.0018"
"1"," 0.9982"
"1","
class 3: "
"1"," 0.0066"
"1"," 0.9934"
"1","
class 4: "
"1"," 0.2492"
"1"," 0.7508"
"1","
class 5: "
"1"," 0.0544"
"1"," 0.9456"
"1","
class 6: "
"1"," 0.0129"
"1"," 0.9871"
"1","
class 7: "
"1"," 0.0147"
"1"," 0.9853"
"1","
"
"1","
"
"1","$cond_maternidad
"
"1","         "
"1","  Pr(1)"
"1","  Pr(2)"
"1","
class 1: "
"1"," 1.0000"
"1"," 0.0000"
"1","
class 2: "
"1"," 0.0363"
"1"," 0.9637"
"1","
class 3: "
"1"," 0.0045"
"1"," 0.9955"
"1","
class 4: "
"1"," 0.4474"
"1"," 0.5526"
"1","
class 5: "
"1"," 0.2719"
"1"," 0.7281"
"1","
class 6: "
"1"," 0.0629"
"1"," 0.9371"
"1","
class 7: "
"1"," 0.1423"
"1"," 0.8577"
"1","
"
"1","
"
"1","$cond_guarderia
"
"1","         "
"1","  Pr(1)"
"1","  Pr(2)"
"1","
class 1: "
"1"," 1.0000"
"1"," 0.0000"
"1","
class 2: "
"1"," 0.7024"
"1"," 0.2976"
"1","
class 3: "
"1"," 0.2883"
"1"," 0.7117"
"1","
class 4: "
"1"," 0.9693"
"1"," 0.0307"
"1","
class 5: "
"1"," 0.7890"
"1"," 0.2110"
"1","
class 6: "
"1"," 0.8019"
"1"," 0.1981"
"1","
class 7: "
"1"," 0.9142"
"1"," 0.0858"
"1","
"
"1","
"
"1","$horas
"
"1","         "
"1","  Pr(1)"
"1","  Pr(2)"
"1","  Pr(3)"
"1","
class 1: "
"1"," 0.6726"
"1"," 0.2357"
"1"," 0.0917"
"1","
class 2: "
"1"," 0.8788"
"1"," 0.0023"
"1"," 0.1189"
"1","
class 3: "
"1"," 0.8454"
"1"," 0.0760"
"1"," 0.0786"
"1","
class 4: "
"1"," 0.7017"
"1"," 0.1490"
"1"," 0.1494"
"1","
class 5: "
"1"," 0.9026"
"1"," 0.0974"
"1"," 0.0000"
"1","
class 6: "
"1"," 0.7756"
"1"," 0.1026"
"1"," 0.1218"
"1","
class 7: "
"1"," 0.9003"
"1"," 0.0222"
"1"," 0.0775"
"1","
"
"1","
"
"1","Estimated class population shares 
"
"1"," "
"1","0.0671"
"1"," "
"1","0.2578"
"1"," "
"1","0.2325"
"1"," "
"1","0.108"
"1"," "
"1","0.0146"
"1"," "
"1","0.223"
"1"," "
"1","0.097"
"1"," "
"1","
 
"
"1","Predicted class memberships (by modal posterior prob.) 
"
"1"," "
"1","0.0672"
"1"," "
"1","0.2339"
"1"," "
"1","0.2335"
"1"," "
"1","0.1059"
"1"," "
"1","0.0134"
"1"," "
"1","0.2533"
"1"," "
"1","0.0928"
"1"," "
"1","
 
"
"1","========================================================= 
"
"1","Fit for"
"1"," "
"1","7"
"1"," "
"1","latent classes: 
"
"1","========================================================= 
"
"1","number of observations:"
"1"," "
"1","2531"
"1"," "
"1","
"
"1","number of estimated parameters:"
"1"," "
"1","167"
"1"," "
"1","
"
"1","residual degrees of freedom:"
"1"," "
"1","2364"
"1"," "
"1","
"
"1","maximum log-likelihood:"
"1"," "
"1","-15715.35"
"1"," "
"1","
 
"
"1","AIC("
"1",""
"1","7"
"1",""
"1","): "
"1",""
"1","31764.69"
"1",""
"1","
"
"1","BIC("
"1",""
"1","7"
"1",""
"1","): "
"1",""
"1","32739.37"
"1",""
"1","
"
"1","G^2("
"1",""
"1","7"
"1",""
"1","): "
"1",""
"1","2870.888"
"1",""
"1"," (Likelihood ratio/deviance statistic) 
"
"1","X^2("
"1",""
"1","7"
"1",""
"1","): "
"1",""
"1","115920.1"
"1",""
"1"," (Chi-square goodness of fit) 
 
"
"0","lc8=poLCA(f, base_proc, nclass=8, graphs = F, maxiter = 5000, nrep = 3, tol=0.000001000)"
"1","Model "
"1",""
"1","1"
"1",""
"1",": llik = "
"1",""
"1","-15654.11"
"1",""
"1"," ... best llik = "
"1",""
"1","-15654.11"
"1",""
"1","
"
"1","Model "
"1",""
"1","2"
"1",""
"1",": llik = "
"1",""
"1","-15633.26"
"1",""
"1"," ... best llik = "
"1",""
"1","-15633.26"
"1",""
"1","
"
"1","Model "
"1",""
"1","3"
"1",""
"1",": llik = "
"1",""
"1","-15659.87"
"1",""
"1"," ... best llik = "
"1",""
"1","-15633.26"
"1",""
"1","
"
"1","Conditional item response (column) probabilities,
 by outcome variable, for each class (row) 
 
"
"1","$contrato
"
"1","         "
"1","  Pr(1)"
"1","  Pr(2)"
"1","
class 1: "
"1"," 0.9342"
"1"," 0.0658"
"1","
class 2: "
"1"," 0.0017"
"1"," 0.9983"
"1","
class 3: "
"1"," 0.0030"
"1"," 0.9970"
"1","
class 4: "
"1"," 0.0146"
"1"," 0.9854"
"1","
class 5: "
"1"," 0.0758"
"1"," 0.9242"
"1","
class 6: "
"1"," 0.0560"
"1"," 0.9440"
"1","
class 7: "
"1"," 0.0000"
"1"," 1.0000"
"1","
class 8: "
"1"," 0.0000"
"1"," 1.0000"
"1","
"
"1","
"
"1","$contrato_duracion
"
"1","         "
"1","  Pr(1)"
"1","  Pr(2)"
"1","
class 1: "
"1"," 0.8924"
"1"," 0.1076"
"1","
class 2: "
"1"," 0.2529"
"1"," 0.7471"
"1","
class 3: "
"1"," 0.9779"
"1"," 0.0221"
"1","
class 4: "
"1"," 0.6968"
"1"," 0.3032"
"1","
class 5: "
"1"," 0.9132"
"1"," 0.0868"
"1","
class 6: "
"1"," 0.2422"
"1"," 0.7578"
"1","
class 7: "
"1"," 0.3469"
"1"," 0.6531"
"1","
class 8: "
"1"," 0.1458"
"1"," 0.8542"
"1","
"
"1","
"
"1","$contrato_sub
"
"1","         "
"1","  Pr(1)"
"1","  Pr(2)"
"1","  Pr(3)"
"1","
class 1: "
"1"," 0.5356"
"1"," 0.3511"
"1"," 0.1133"
"1","
class 2: "
"1"," 0.2467"
"1"," 0.0000"
"1"," 0.7533"
"1","
class 3: "
"1"," 0.8083"
"1"," 0.1048"
"1"," 0.0869"
"1","
class 4: "
"1"," 0.4755"
"1"," 0.0000"
"1"," 0.5245"
"1","
class 5: "
"1"," 0.6317"
"1"," 0.0557"
"1"," 0.3127"
"1","
class 6: "
"1"," 0.9033"
"1"," 0.0000"
"1"," 0.0967"
"1","
class 7: "
"1"," 0.9484"
"1"," 0.0000"
"1"," 0.0516"
"1","
class 8: "
"1"," 0.7734"
"1"," 0.0000"
"1"," 0.2266"
"1","
"
"1","
"
"1","$cotiza_prev
"
"1","         "
"1","  Pr(1)"
"1","  Pr(2)"
"1","
class 1: "
"1"," 0.9938"
"1"," 0.0062"
"1","
class 2: "
"1"," 0.0112"
"1"," 0.9888"
"1","
class 3: "
"1"," 0.0040"
"1"," 0.9960"
"1","
class 4: "
"1"," 0.0068"
"1"," 0.9932"
"1","
class 5: "
"1"," 0.0472"
"1"," 0.9528"
"1","
class 6: "
"1"," 0.8540"
"1"," 0.1460"
"1","
class 7: "
"1"," 0.0111"
"1"," 0.9889"
"1","
class 8: "
"1"," 0.0120"
"1"," 0.9880"
"1","
"
"1","
"
"1","$cotiza_salud
"
"1","         "
"1","  Pr(1)"
"1","  Pr(2)"
"1","
class 1: "
"1"," 0.9938"
"1"," 0.0062"
"1","
class 2: "
"1"," 0.0032"
"1"," 0.9968"
"1","
class 3: "
"1"," 0.0080"
"1"," 0.9920"
"1","
class 4: "
"1"," 0.0000"
"1"," 1.0000"
"1","
class 5: "
"1"," 0.0256"
"1"," 0.9744"
"1","
class 6: "
"1"," 0.0864"
"1"," 0.9136"
"1","
class 7: "
"1"," 0.0000"
"1"," 1.0000"
"1","
class 8: "
"1"," 0.0000"
"1"," 1.0000"
"1","
"
"1","
"
"1","$cotiza_seguro
"
"1","         "
"1","  Pr(1)"
"1","  Pr(2)"
"1","
class 1: "
"1"," 1.0000"
"1"," 0.0000"
"1","
class 2: "
"1"," 0.4472"
"1"," 0.5528"
"1","
class 3: "
"1"," 0.0389"
"1"," 0.9611"
"1","
class 4: "
"1"," 0.0960"
"1"," 0.9040"
"1","
class 5: "
"1"," 0.1703"
"1"," 0.8297"
"1","
class 6: "
"1"," 1.0000"
"1"," 0.0000"
"1","
class 7: "
"1"," 0.0000"
"1"," 1.0000"
"1","
class 8: "
"1"," 0.0000"
"1"," 1.0000"
"1","
"
"1","
"
"1","$ingresos
"
"1","         "
"1","  Pr(1)"
"1","  Pr(2)"
"1","  Pr(3)"
"1","  Pr(4)"
"1","
class 1: "
"1"," 0.7381"
"1"," 0.1368"
"1"," 0.0954"
"1"," 0.0297"
"1","
class 2: "
"1"," 0.0522"
"1"," 0.2056"
"1"," 0.3236"
"1"," 0.4186"
"1","
class 3: "
"1"," 0.3465"
"1"," 0.2391"
"1"," 0.2526"
"1"," 0.1618"
"1","
class 4: "
"1"," 0.7197"
"1"," 0.1905"
"1"," 0.0898"
"1"," 0.0000"
"1","
class 5: "
"1"," 0.4633"
"1"," 0.3270"
"1"," 0.0919"
"1"," 0.1179"
"1","
class 6: "
"1"," 0.1242"
"1"," 0.5241"
"1"," 0.2380"
"1"," 0.1137"
"1","
class 7: "
"1"," 0.0505"
"1"," 0.0760"
"1"," 0.2901"
"1"," 0.5834"
"1","
class 8: "
"1"," 0.1397"
"1"," 0.3514"
"1"," 0.3347"
"1"," 0.1742"
"1","
"
"1","
"
"1","$lugar_trab
"
"1","         "
"1","  Pr(1)"
"1","  Pr(2)"
"1","  Pr(3)"
"1","  Pr(4)"
"1","  Pr(5)"
"1","  Pr(6)"
"1","  Pr(7)"
"1","  Pr(8)"
"1","
class 1: "
"1"," 0.1968"
"1"," 0.0060"
"1"," 0.0595"
"1"," 0.0714"
"1"," 0.1188"
"1"," 0.0060"
"1"," 0.0000"
"1"," 0.5416"
"1","
class 2: "
"1"," 0.7291"
"1"," 0.0019"
"1"," 0.0210"
"1"," 0.0050"
"1"," 0.0000"
"1"," 0.0053"
"1"," 0.2377"
"1"," 0.0000"
"1","
class 3: "
"1"," 0.2575"
"1"," 0.0000"
"1"," 0.0700"
"1"," 0.0086"
"1"," 0.4208"
"1"," 0.0037"
"1"," 0.0000"
"1"," 0.2395"
"1","
class 4: "
"1"," 0.8533"
"1"," 0.0000"
"1"," 0.1049"
"1"," 0.0074"
"1"," 0.0000"
"1"," 0.0000"
"1"," 0.0344"
"1"," 0.0000"
"1","
class 5: "
"1"," 0.5569"
"1"," 0.0000"
"1"," 0.0972"
"1"," 0.0081"
"1"," 0.0859"
"1"," 0.0000"
"1"," 0.0374"
"1"," 0.2144"
"1","
class 6: "
"1"," 0.7001"
"1"," 0.0239"
"1"," 0.1932"
"1"," 0.0000"
"1"," 0.0559"
"1"," 0.0270"
"1"," 0.0000"
"1"," 0.0000"
"1","
class 7: "
"1"," 0.0000"
"1"," 0.0000"
"1"," 0.1617"
"1"," 0.0000"
"1"," 0.7718"
"1"," 0.0019"
"1"," 0.0000"
"1"," 0.0645"
"1","
class 8: "
"1"," 0.7438"
"1"," 0.0012"
"1"," 0.1560"
"1"," 0.0144"
"1"," 0.0241"
"1"," 0.0028"
"1"," 0.0380"
"1"," 0.0197"
"1","
"
"1","
"
"1","$cond_vacaciones
"
"1","         "
"1","  Pr(1)"
"1","  Pr(2)"
"1","
class 1: "
"1"," 1.0000"
"1"," 0.0000"
"1","
class 2: "
"1"," 0.0079"
"1"," 0.9921"
"1","
class 3: "
"1"," 0.7467"
"1"," 0.2533"
"1","
class 4: "
"1"," 0.2483"
"1"," 0.7517"
"1","
class 5: "
"1"," 0.9528"
"1"," 0.0472"
"1","
class 6: "
"1"," 0.0000"
"1"," 1.0000"
"1","
class 7: "
"1"," 0.0074"
"1"," 0.9926"
"1","
class 8: "
"1"," 0.0000"
"1"," 1.0000"
"1","
"
"1","
"
"1","$cond_enfermedad
"
"1","         "
"1","  Pr(1)"
"1","  Pr(2)"
"1","
class 1: "
"1"," 1.0000"
"1"," 0.0000"
"1","
class 2: "
"1"," 0.0060"
"1"," 0.9940"
"1","
class 3: "
"1"," 0.0000"
"1"," 1.0000"
"1","
class 4: "
"1"," 0.0071"
"1"," 0.9929"
"1","
class 5: "
"1"," 0.6643"
"1"," 0.3357"
"1","
class 6: "
"1"," 0.0559"
"1"," 0.9441"
"1","
class 7: "
"1"," 0.0033"
"1"," 0.9967"
"1","
class 8: "
"1"," 0.0087"
"1"," 0.9913"
"1","
"
"1","
"
"1","$cond_maternidad
"
"1","         "
"1","  Pr(1)"
"1","  Pr(2)"
"1","
class 1: "
"1"," 1.0000"
"1"," 0.0000"
"1","
class 2: "
"1"," 0.0031"
"1"," 0.9969"
"1","
class 3: "
"1"," 0.2027"
"1"," 0.7973"
"1","
class 4: "
"1"," 0.0478"
"1"," 0.9522"
"1","
class 5: "
"1"," 0.8983"
"1"," 0.1017"
"1","
class 6: "
"1"," 0.2775"
"1"," 0.7225"
"1","
class 7: "
"1"," 0.0027"
"1"," 0.9973"
"1","
class 8: "
"1"," 0.0633"
"1"," 0.9367"
"1","
"
"1","
"
"1","$cond_guarderia
"
"1","         "
"1","  Pr(1)"
"1","  Pr(2)"
"1","
class 1: "
"1"," 1.0000"
"1"," 0.0000"
"1","
class 2: "
"1"," 0.2685"
"1"," 0.7315"
"1","
class 3: "
"1"," 0.9770"
"1"," 0.0230"
"1","
class 4: "
"1"," 0.8297"
"1"," 0.1703"
"1","
class 5: "
"1"," 1.0000"
"1"," 0.0000"
"1","
class 6: "
"1"," 0.7952"
"1"," 0.2048"
"1","
class 7: "
"1"," 0.6802"
"1"," 0.3198"
"1","
class 8: "
"1"," 0.7802"
"1"," 0.2198"
"1","
"
"1","
"
"1","$horas
"
"1","         "
"1","  Pr(1)"
"1","  Pr(2)"
"1","  Pr(3)"
"1","
class 1: "
"1"," 0.6726"
"1"," 0.2379"
"1"," 0.0895"
"1","
class 2: "
"1"," 0.8562"
"1"," 0.0664"
"1"," 0.0774"
"1","
class 3: "
"1"," 0.9257"
"1"," 0.0081"
"1"," 0.0663"
"1","
class 4: "
"1"," 0.5848"
"1"," 0.3265"
"1"," 0.0887"
"1","
class 5: "
"1"," 0.6413"
"1"," 0.1310"
"1"," 0.2277"
"1","
class 6: "
"1"," 0.9076"
"1"," 0.0924"
"1"," 0.0000"
"1","
class 7: "
"1"," 0.8721"
"1"," 0.0167"
"1"," 0.1112"
"1","
class 8: "
"1"," 0.8606"
"1"," 0.0034"
"1"," 0.1360"
"1","
"
"1","
"
"1","Estimated class population shares 
"
"1"," "
"1","0.0664"
"1"," "
"1","0.2388"
"1"," "
"1","0.109"
"1"," "
"1","0.1053"
"1"," "
"1","0.0431"
"1"," "
"1","0.0141"
"1"," "
"1","0.1003"
"1"," "
"1","0.3229"
"1"," "
"1","
 
"
"1","Predicted class memberships (by modal posterior prob.) 
"
"1"," "
"1","0.0664"
"1"," "
"1","0.228"
"1"," "
"1","0.1067"
"1"," "
"1","0.0964"
"1"," "
"1","0.0407"
"1"," "
"1","0.0138"
"1"," "
"1","0.0972"
"1"," "
"1","0.3508"
"1"," "
"1","
 
"
"1","========================================================= 
"
"1","Fit for"
"1"," "
"1","8"
"1"," "
"1","latent classes: 
"
"1","========================================================= 
"
"1","number of observations:"
"1"," "
"1","2531"
"1"," "
"1","
"
"1","number of estimated parameters:"
"1"," "
"1","191"
"1"," "
"1","
"
"1","residual degrees of freedom:"
"1"," "
"1","2340"
"1"," "
"1","
"
"1","maximum log-likelihood:"
"1"," "
"1","-15633.26"
"1"," "
"1","
 
"
"1","AIC("
"1",""
"1","8"
"1",""
"1","): "
"1",""
"1","31648.53"
"1",""
"1","
"
"1","BIC("
"1",""
"1","8"
"1",""
"1","): "
"1",""
"1","32763.27"
"1",""
"1","
"
"1","G^2("
"1",""
"1","8"
"1",""
"1","): "
"1",""
"1","2706.723"
"1",""
"1"," (Likelihood ratio/deviance statistic) 
"
"1","X^2("
"1",""
"1","8"
"1",""
"1","): "
"1",""
"1","60365.38"
"1",""
"1"," (Chi-square goodness of fit) 
 
"
"0","lc9=poLCA(f, base_proc, nclass=9, graphs = F, maxiter = 5000, nrep = 3, tol=0.000001000)"
"1","Model "
"1",""
"1","1"
"1",""
"1",": llik = "
"1",""
"1","-15607.15"
"1",""
"1"," ... best llik = "
"1",""
"1","-15607.15"
"1",""
"1","
"
"1","Model "
"1",""
"1","2"
"1",""
"1",": llik = "
"1",""
"1","-15629.14"
"1",""
"1"," ... best llik = "
"1",""
"1","-15607.15"
"1",""
"1","
"
"1","Model "
"1",""
"1","3"
"1",""
"1",": llik = "
"1",""
"1","-15606.84"
"1",""
"1"," ... best llik = "
"1",""
"1","-15606.84"
"1",""
"1","
"
"1","Conditional item response (column) probabilities,
 by outcome variable, for each class (row) 
 
"
"1","$contrato
"
"1","         "
"1","  Pr(1)"
"1","  Pr(2)"
"1","
class 1: "
"1"," 0.0000"
"1"," 1.0000"
"1","
class 2: "
"1"," 0.0000"
"1"," 1.0000"
"1","
class 3: "
"1"," 0.0000"
"1"," 1.0000"
"1","
class 4: "
"1"," 0.0622"
"1"," 0.9378"
"1","
class 5: "
"1"," 0.0377"
"1"," 0.9623"
"1","
class 6: "
"1"," 0.0020"
"1"," 0.9980"
"1","
class 7: "
"1"," 0.0016"
"1"," 0.9984"
"1","
class 8: "
"1"," 0.0187"
"1"," 0.9813"
"1","
class 9: "
"1"," 0.9329"
"1"," 0.0671"
"1","
"
"1","
"
"1","$contrato_duracion
"
"1","         "
"1","  Pr(1)"
"1","  Pr(2)"
"1","
class 1: "
"1"," 0.0812"
"1"," 0.9188"
"1","
class 2: "
"1"," 0.9885"
"1"," 0.0115"
"1","
class 3: "
"1"," 0.2691"
"1"," 0.7309"
"1","
class 4: "
"1"," 0.9536"
"1"," 0.0464"
"1","
class 5: "
"1"," 0.9693"
"1"," 0.0307"
"1","
class 6: "
"1"," 0.3819"
"1"," 0.6181"
"1","
class 7: "
"1"," 0.2679"
"1"," 0.7321"
"1","
class 8: "
"1"," 0.2476"
"1"," 0.7524"
"1","
class 9: "
"1"," 0.8855"
"1"," 0.1145"
"1","
"
"1","
"
"1","$contrato_sub
"
"1","         "
"1","  Pr(1)"
"1","  Pr(2)"
"1","  Pr(3)"
"1","
class 1: "
"1"," 0.8757"
"1"," 0.0000"
"1"," 0.1243"
"1","
class 2: "
"1"," 0.9601"
"1"," 0.0000"
"1"," 0.0399"
"1","
class 3: "
"1"," 0.7247"
"1"," 0.0000"
"1"," 0.2753"
"1","
class 4: "
"1"," 0.5518"
"1"," 0.4254"
"1"," 0.0228"
"1","
class 5: "
"1"," 0.5717"
"1"," 0.0065"
"1"," 0.4218"
"1","
class 6: "
"1"," 0.6170"
"1"," 0.0000"
"1"," 0.3830"
"1","
class 7: "
"1"," 0.1556"
"1"," 0.0000"
"1"," 0.8444"
"1","
class 8: "
"1"," 0.7435"
"1"," 0.0000"
"1"," 0.2565"
"1","
class 9: "
"1"," 0.5390"
"1"," 0.3482"
"1"," 0.1128"
"1","
"
"1","
"
"1","$cotiza_prev
"
"1","         "
"1","  Pr(1)"
"1","  Pr(2)"
"1","
class 1: "
"1"," 0.0102"
"1"," 0.9898"
"1","
class 2: "
"1"," 0.0052"
"1"," 0.9948"
"1","
class 3: "
"1"," 0.1558"
"1"," 0.8442"
"1","
class 4: "
"1"," 0.0000"
"1"," 1.0000"
"1","
class 5: "
"1"," 0.0225"
"1"," 0.9775"
"1","
class 6: "
"1"," 0.0086"
"1"," 0.9914"
"1","
class 7: "
"1"," 0.0000"
"1"," 1.0000"
"1","
class 8: "
"1"," 0.4294"
"1"," 0.5706"
"1","
class 9: "
"1"," 0.9930"
"1"," 0.0070"
"1","
"
"1","
"
"1","$cotiza_salud
"
"1","         "
"1","  Pr(1)"
"1","  Pr(2)"
"1","
class 1: "
"1"," 0.0000"
"1"," 1.0000"
"1","
class 2: "
"1"," 0.0000"
"1"," 1.0000"
"1","
class 3: "
"1"," 0.0253"
"1"," 0.9747"
"1","
class 4: "
"1"," 0.0251"
"1"," 0.9749"
"1","
class 5: "
"1"," 0.0120"
"1"," 0.9880"
"1","
class 6: "
"1"," 0.0000"
"1"," 1.0000"
"1","
class 7: "
"1"," 0.0014"
"1"," 0.9986"
"1","
class 8: "
"1"," 0.0293"
"1"," 0.9707"
"1","
class 9: "
"1"," 0.9917"
"1"," 0.0083"
"1","
"
"1","
"
"1","$cotiza_seguro
"
"1","         "
"1","  Pr(1)"
"1","  Pr(2)"
"1","
class 1: "
"1"," 0.0000"
"1"," 1.0000"
"1","
class 2: "
"1"," 0.0000"
"1"," 1.0000"
"1","
class 3: "
"1"," 0.1875"
"1"," 0.8125"
"1","
class 4: "
"1"," 0.0520"
"1"," 0.9480"
"1","
class 5: "
"1"," 0.1847"
"1"," 0.8153"
"1","
class 6: "
"1"," 0.0000"
"1"," 1.0000"
"1","
class 7: "
"1"," 0.4586"
"1"," 0.5414"
"1","
class 8: "
"1"," 1.0000"
"1"," 0.0000"
"1","
class 9: "
"1"," 1.0000"
"1"," 0.0000"
"1","
"
"1","
"
"1","$ingresos
"
"1","         "
"1","  Pr(1)"
"1","  Pr(2)"
"1","  Pr(3)"
"1","  Pr(4)"
"1","
class 1: "
"1"," 0.0359"
"1"," 0.1700"
"1"," 0.4116"
"1"," 0.3824"
"1","
class 2: "
"1"," 0.2347"
"1"," 0.1415"
"1"," 0.2854"
"1"," 0.3385"
"1","
class 3: "
"1"," 0.0401"
"1"," 0.4597"
"1"," 0.2592"
"1"," 0.2410"
"1","
class 4: "
"1"," 0.5639"
"1"," 0.3311"
"1"," 0.0848"
"1"," 0.0202"
"1","
class 5: "
"1"," 0.4998"
"1"," 0.2486"
"1"," 0.1881"
"1"," 0.0635"
"1","
class 6: "
"1"," 0.4697"
"1"," 0.4248"
"1"," 0.1055"
"1"," 0.0000"
"1","
class 7: "
"1"," 0.0529"
"1"," 0.1995"
"1"," 0.3466"
"1"," 0.4010"
"1","
class 8: "
"1"," 0.1847"
"1"," 0.3189"
"1"," 0.1483"
"1"," 0.3481"
"1","
class 9: "
"1"," 0.7337"
"1"," 0.1360"
"1"," 0.1008"
"1"," 0.0295"
"1","
"
"1","
"
"1","$lugar_trab
"
"1","         "
"1","  Pr(1)"
"1","  Pr(2)"
"1","  Pr(3)"
"1","  Pr(4)"
"1","  Pr(5)"
"1","  Pr(6)"
"1","  Pr(7)"
"1","  Pr(8)"
"1","
class 1: "
"1"," 0.5005"
"1"," 0.0000"
"1"," 0.1636"
"1"," 0.0100"
"1"," 0.2323"
"1"," 0.0030"
"1"," 0.0601"
"1"," 0.0305"
"1","
class 2: "
"1"," 0.2114"
"1"," 0.0000"
"1"," 0.0688"
"1"," 0.0000"
"1"," 0.6638"
"1"," 0.0000"
"1"," 0.0000"
"1"," 0.0560"
"1","
class 3: "
"1"," 0.6002"
"1"," 0.0000"
"1"," 0.2181"
"1"," 0.0134"
"1"," 0.0428"
"1"," 0.0000"
"1"," 0.0652"
"1"," 0.0602"
"1","
class 4: "
"1"," 0.0227"
"1"," 0.0000"
"1"," 0.0000"
"1"," 0.0000"
"1"," 0.0000"
"1"," 0.0125"
"1"," 0.0000"
"1"," 0.9648"
"1","
class 5: "
"1"," 0.7113"
"1"," 0.0000"
"1"," 0.1246"
"1"," 0.0213"
"1"," 0.1176"
"1"," 0.0000"
"1"," 0.0253"
"1"," 0.0000"
"1","
class 6: "
"1"," 0.8261"
"1"," 0.0020"
"1"," 0.1281"
"1"," 0.0096"
"1"," 0.0000"
"1"," 0.0025"
"1"," 0.0197"
"1"," 0.0121"
"1","
class 7: "
"1"," 0.7517"
"1"," 0.0000"
"1"," 0.0143"
"1"," 0.0064"
"1"," 0.0000"
"1"," 0.0051"
"1"," 0.2225"
"1"," 0.0000"
"1","
class 8: "
"1"," 0.6906"
"1"," 0.0322"
"1"," 0.0888"
"1"," 0.0000"
"1"," 0.0155"
"1"," 0.0170"
"1"," 0.1560"
"1"," 0.0000"
"1","
class 9: "
"1"," 0.1972"
"1"," 0.0059"
"1"," 0.0590"
"1"," 0.0708"
"1"," 0.1239"
"1"," 0.0059"
"1"," 0.0000"
"1"," 0.5373"
"1","
"
"1","
"
"1","$cond_vacaciones
"
"1","         "
"1","  Pr(1)"
"1","  Pr(2)"
"1","
class 1: "
"1"," 0.0032"
"1"," 0.9968"
"1","
class 2: "
"1"," 0.4581"
"1"," 0.5419"
"1","
class 3: "
"1"," 0.0850"
"1"," 0.9150"
"1","
class 4: "
"1"," 0.8879"
"1"," 0.1121"
"1","
class 5: "
"1"," 1.0000"
"1"," 0.0000"
"1","
class 6: "
"1"," 0.0070"
"1"," 0.9930"
"1","
class 7: "
"1"," 0.0067"
"1"," 0.9933"
"1","
class 8: "
"1"," 0.0000"
"1"," 1.0000"
"1","
class 9: "
"1"," 0.9941"
"1"," 0.0059"
"1","
"
"1","
"
"1","$cond_enfermedad
"
"1","         "
"1","  Pr(1)"
"1","  Pr(2)"
"1","
class 1: "
"1"," 0.0000"
"1"," 1.0000"
"1","
class 2: "
"1"," 0.0000"
"1"," 1.0000"
"1","
class 3: "
"1"," 0.1709"
"1"," 0.8291"
"1","
class 4: "
"1"," 0.2212"
"1"," 0.7788"
"1","
class 5: "
"1"," 0.2539"
"1"," 0.7461"
"1","
class 6: "
"1"," 0.0071"
"1"," 0.9929"
"1","
class 7: "
"1"," 0.0071"
"1"," 0.9929"
"1","
class 8: "
"1"," 0.0000"
"1"," 1.0000"
"1","
class 9: "
"1"," 1.0000"
"1"," 0.0000"
"1","
"
"1","
"
"1","$cond_maternidad
"
"1","         "
"1","  Pr(1)"
"1","  Pr(2)"
"1","
class 1: "
"1"," 0.0000"
"1"," 1.0000"
"1","
class 2: "
"1"," 0.1150"
"1"," 0.8850"
"1","
class 3: "
"1"," 0.7987"
"1"," 0.2013"
"1","
class 4: "
"1"," 0.4332"
"1"," 0.5668"
"1","
class 5: "
"1"," 0.4521"
"1"," 0.5479"
"1","
class 6: "
"1"," 0.0282"
"1"," 0.9718"
"1","
class 7: "
"1"," 0.0026"
"1"," 0.9974"
"1","
class 8: "
"1"," 0.0000"
"1"," 1.0000"
"1","
class 9: "
"1"," 0.9941"
"1"," 0.0059"
"1","
"
"1","
"
"1","$cond_guarderia
"
"1","         "
"1","  Pr(1)"
"1","  Pr(2)"
"1","
class 1: "
"1"," 0.6798"
"1"," 0.3202"
"1","
class 2: "
"1"," 0.9130"
"1"," 0.0870"
"1","
class 3: "
"1"," 1.0000"
"1"," 0.0000"
"1","
class 4: "
"1"," 0.9861"
"1"," 0.0139"
"1","
class 5: "
"1"," 0.9532"
"1"," 0.0468"
"1","
class 6: "
"1"," 0.7891"
"1"," 0.2109"
"1","
class 7: "
"1"," 0.2665"
"1"," 0.7335"
"1","
class 8: "
"1"," 0.6534"
"1"," 0.3466"
"1","
class 9: "
"1"," 1.0000"
"1"," 0.0000"
"1","
"
"1","
"
"1","$horas
"
"1","         "
"1","  Pr(1)"
"1","  Pr(2)"
"1","  Pr(3)"
"1","
class 1: "
"1"," 0.8886"
"1"," 0.0026"
"1"," 0.1088"
"1","
class 2: "
"1"," 0.9063"
"1"," 0.0227"
"1"," 0.0710"
"1","
class 3: "
"1"," 0.8118"
"1"," 0.0000"
"1"," 0.1882"
"1","
class 4: "
"1"," 0.9524"
"1"," 0.0129"
"1"," 0.0347"
"1","
class 5: "
"1"," 0.5859"
"1"," 0.2106"
"1"," 0.2035"
"1","
class 6: "
"1"," 0.7615"
"1"," 0.1199"
"1"," 0.1185"
"1","
class 7: "
"1"," 0.8487"
"1"," 0.0646"
"1"," 0.0867"
"1","
class 8: "
"1"," 0.8157"
"1"," 0.1843"
"1"," 0.0000"
"1","
class 9: "
"1"," 0.6736"
"1"," 0.2361"
"1"," 0.0903"
"1","
"
"1","
"
"1","Estimated class population shares 
"
"1"," "
"1","0.2631"
"1"," "
"1","0.0958"
"1"," "
"1","0.0342"
"1"," "
"1","0.0314"
"1"," "
"1","0.0728"
"1"," "
"1","0.2018"
"1"," "
"1","0.2094"
"1"," "
"1","0.0245"
"1"," "
"1","0.067"
"1"," "
"1","
 
"
"1","Predicted class memberships (by modal posterior prob.) 
"
"1"," "
"1","0.2461"
"1"," "
"1","0.0976"
"1"," "
"1","0.0304"
"1"," "
"1","0.0308"
"1"," "
"1","0.0719"
"1"," "
"1","0.2169"
"1"," "
"1","0.2189"
"1"," "
"1","0.0205"
"1"," "
"1","0.0668"
"1"," "
"1","
 
"
"1","========================================================= 
"
"1","Fit for"
"1"," "
"1","9"
"1"," "
"1","latent classes: 
"
"1","========================================================= 
"
"1","number of observations:"
"1"," "
"1","2531"
"1"," "
"1","
"
"1","number of estimated parameters:"
"1"," "
"1","215"
"1"," "
"1","
"
"1","residual degrees of freedom:"
"1"," "
"1","2316"
"1"," "
"1","
"
"1","maximum log-likelihood:"
"1"," "
"1","-15606.84"
"1"," "
"1","
 
"
"1","AIC("
"1",""
"1","9"
"1",""
"1","): "
"1",""
"1","31643.68"
"1",""
"1","
"
"1","BIC("
"1",""
"1","9"
"1",""
"1","): "
"1",""
"1","32898.5"
"1",""
"1","
"
"1","G^2("
"1",""
"1","9"
"1",""
"1","): "
"1",""
"1","2653.872"
"1",""
"1"," (Likelihood ratio/deviance statistic) 
"
"1","X^2("
"1",""
"1","9"
"1",""
"1","): "
"1",""
"1","401588.2"
"1",""
"1"," (Chi-square goodness of fit) 
 
"
"0","lc10=poLCA(f, base_proc, nclass=10, graphs = F, maxiter = 5000, nrep = 3, tol=0.000001000)"
"1","Model "
"1",""
"1","1"
"1",""
"1",": llik = "
"1",""
"1","-15580.96"
"1",""
"1"," ... best llik = "
"1",""
"1","-15580.96"
"1",""
"1","
"
"1","Model "
"1",""
"1","2"
"1",""
"1",": llik = "
"1",""
"1","-15537.4"
"1",""
"1"," ... best llik = "
"1",""
"1","-15537.4"
"1",""
"1","
"
"1","Model "
"1",""
"1","3"
"1",""
"1",": llik = "
"1",""
"1","-15524.02"
"1",""
"1"," ... best llik = "
"1",""
"1","-15524.02"
"1",""
"1","
"
"1","Conditional item response (column) probabilities,
 by outcome variable, for each class (row) 
 
"
"1","$contrato
"
"1","          "
"1","  Pr(1)"
"1","  Pr(2)"
"1","
class 1:  "
"1"," 0.0000"
"1"," 1.0000"
"1","
class 2:  "
"1"," 0.9760"
"1"," 0.0240"
"1","
class 3:  "
"1"," 0.0572"
"1"," 0.9428"
"1","
class 4:  "
"1"," 0.0017"
"1"," 0.9983"
"1","
class 5:  "
"1"," 0.0264"
"1"," 0.9736"
"1","
class 6:  "
"1"," 0.0000"
"1"," 1.0000"
"1","
class 7:  "
"1"," 0.8746"
"1"," 0.1254"
"1","
class 8:  "
"1"," 0.0051"
"1"," 0.9949"
"1","
class 9:  "
"1"," 0.0983"
"1"," 0.9017"
"1","
class 10: "
"1"," 0.0000"
"1"," 1.0000"
"1","
"
"1","
"
"1","$contrato_duracion
"
"1","          "
"1","  Pr(1)"
"1","  Pr(2)"
"1","
class 1:  "
"1"," 0.0856"
"1"," 0.9144"
"1","
class 2:  "
"1"," 0.9760"
"1"," 0.0240"
"1","
class 3:  "
"1"," 0.2310"
"1"," 0.7690"
"1","
class 4:  "
"1"," 0.2666"
"1"," 0.7334"
"1","
class 5:  "
"1"," 0.6042"
"1"," 0.3958"
"1","
class 6:  "
"1"," 0.3585"
"1"," 0.6415"
"1","
class 7:  "
"1"," 0.7854"
"1"," 0.2146"
"1","
class 8:  "
"1"," 0.9701"
"1"," 0.0299"
"1","
class 9:  "
"1"," 0.9064"
"1"," 0.0936"
"1","
class 10: "
"1"," 1.0000"
"1"," 0.0000"
"1","
"
"1","
"
"1","$contrato_sub
"
"1","          "
"1","  Pr(1)"
"1","  Pr(2)"
"1","  Pr(3)"
"1","
class 1:  "
"1"," 0.7734"
"1"," 0.0000"
"1"," 0.2266"
"1","
class 2:  "
"1"," 0.2924"
"1"," 0.6546"
"1"," 0.0530"
"1","
class 3:  "
"1"," 0.9010"
"1"," 0.0000"
"1"," 0.0990"
"1","
class 4:  "
"1"," 0.2506"
"1"," 0.0000"
"1"," 0.7494"
"1","
class 5:  "
"1"," 0.4960"
"1"," 0.0000"
"1"," 0.5040"
"1","
class 6:  "
"1"," 0.9468"
"1"," 0.0000"
"1"," 0.0532"
"1","
class 7:  "
"1"," 0.8092"
"1"," 0.0000"
"1"," 0.1908"
"1","
class 8:  "
"1"," 0.7967"
"1"," 0.1464"
"1"," 0.0569"
"1","
class 9:  "
"1"," 0.7069"
"1"," 0.0691"
"1"," 0.2240"
"1","
class 10: "
"1"," 0.6262"
"1"," 0.0000"
"1"," 0.3738"
"1","
"
"1","
"
"1","$cotiza_prev
"
"1","          "
"1","  Pr(1)"
"1","  Pr(2)"
"1","
class 1:  "
"1"," 0.0124"
"1"," 0.9876"
"1","
class 2:  "
"1"," 1.0000"
"1"," 0.0000"
"1","
class 3:  "
"1"," 0.8841"
"1"," 0.1159"
"1","
class 4:  "
"1"," 0.0107"
"1"," 0.9893"
"1","
class 5:  "
"1"," 0.0000"
"1"," 1.0000"
"1","
class 6:  "
"1"," 0.0108"
"1"," 0.9892"
"1","
class 7:  "
"1"," 0.9765"
"1"," 0.0235"
"1","
class 8:  "
"1"," 0.0050"
"1"," 0.9950"
"1","
class 9:  "
"1"," 0.0588"
"1"," 0.9412"
"1","
class 10: "
"1"," 0.0088"
"1"," 0.9912"
"1","
"
"1","
"
"1","$cotiza_salud
"
"1","          "
"1","  Pr(1)"
"1","  Pr(2)"
"1","
class 1:  "
"1"," 0.0000"
"1"," 1.0000"
"1","
class 2:  "
"1"," 1.0000"
"1"," 0.0000"
"1","
class 3:  "
"1"," 0.0879"
"1"," 0.9121"
"1","
class 4:  "
"1"," 0.0031"
"1"," 0.9969"
"1","
class 5:  "
"1"," 0.0000"
"1"," 1.0000"
"1","
class 6:  "
"1"," 0.0000"
"1"," 1.0000"
"1","
class 7:  "
"1"," 0.9814"
"1"," 0.0186"
"1","
class 8:  "
"1"," 0.0078"
"1"," 0.9922"
"1","
class 9:  "
"1"," 0.0216"
"1"," 0.9784"
"1","
class 10: "
"1"," 0.0044"
"1"," 0.9956"
"1","
"
"1","
"
"1","$cotiza_seguro
"
"1","          "
"1","  Pr(1)"
"1","  Pr(2)"
"1","
class 1:  "
"1"," 0.0000"
"1"," 1.0000"
"1","
class 2:  "
"1"," 1.0000"
"1"," 0.0000"
"1","
class 3:  "
"1"," 1.0000"
"1"," 0.0000"
"1","
class 4:  "
"1"," 0.4368"
"1"," 0.5632"
"1","
class 5:  "
"1"," 0.1030"
"1"," 0.8970"
"1","
class 6:  "
"1"," 0.0000"
"1"," 1.0000"
"1","
class 7:  "
"1"," 1.0000"
"1"," 0.0000"
"1","
class 8:  "
"1"," 0.0384"
"1"," 0.9616"
"1","
class 9:  "
"1"," 0.1813"
"1"," 0.8187"
"1","
class 10: "
"1"," 0.0650"
"1"," 0.9350"
"1","
"
"1","
"
"1","$ingresos
"
"1","          "
"1","  Pr(1)"
"1","  Pr(2)"
"1","  Pr(3)"
"1","  Pr(4)"
"1","
class 1:  "
"1"," 0.1511"
"1"," 0.3287"
"1"," 0.3417"
"1"," 0.1784"
"1","
class 2:  "
"1"," 0.8022"
"1"," 0.1199"
"1"," 0.0667"
"1"," 0.0112"
"1","
class 3:  "
"1"," 0.1385"
"1"," 0.5117"
"1"," 0.2404"
"1"," 0.1095"
"1","
class 4:  "
"1"," 0.0544"
"1"," 0.2197"
"1"," 0.3185"
"1"," 0.4074"
"1","
class 5:  "
"1"," 0.8706"
"1"," 0.0448"
"1"," 0.0846"
"1"," 0.0000"
"1","
class 6:  "
"1"," 0.0507"
"1"," 0.0834"
"1"," 0.2922"
"1"," 0.5736"
"1","
class 7:  "
"1"," 0.6595"
"1"," 0.1542"
"1"," 0.1358"
"1"," 0.0505"
"1","
class 8:  "
"1"," 0.3486"
"1"," 0.2008"
"1"," 0.2717"
"1"," 0.1789"
"1","
class 9:  "
"1"," 0.4936"
"1"," 0.3150"
"1"," 0.0722"
"1"," 0.1191"
"1","
class 10: "
"1"," 0.3718"
"1"," 0.4235"
"1"," 0.1384"
"1"," 0.0662"
"1","
"
"1","
"
"1","$lugar_trab
"
"1","          "
"1","  Pr(1)"
"1","  Pr(2)"
"1","  Pr(3)"
"1","  Pr(4)"
"1","  Pr(5)"
"1","  Pr(6)"
"1","  Pr(7)"
"1","  Pr(8)"
"1","
class 1:  "
"1"," 0.7470"
"1"," 0.0012"
"1"," 0.1529"
"1"," 0.0151"
"1"," 0.0215"
"1"," 0.0036"
"1"," 0.0389"
"1"," 0.0198"
"1","
class 2:  "
"1"," 0.0180"
"1"," 0.0000"
"1"," 0.0000"
"1"," 0.0000"
"1"," 0.0000"
"1"," 0.0000"
"1"," 0.0000"
"1"," 0.9820"
"1","
class 3:  "
"1"," 0.7130"
"1"," 0.0213"
"1"," 0.1809"
"1"," 0.0000"
"1"," 0.0571"
"1"," 0.0277"
"1"," 0.0000"
"1"," 0.0000"
"1","
class 4:  "
"1"," 0.7305"
"1"," 0.0021"
"1"," 0.0254"
"1"," 0.0050"
"1"," 0.0000"
"1"," 0.0051"
"1"," 0.2319"
"1"," 0.0000"
"1","
class 5:  "
"1"," 0.8615"
"1"," 0.0000"
"1"," 0.0735"
"1"," 0.0167"
"1"," 0.0000"
"1"," 0.0000"
"1"," 0.0483"
"1"," 0.0000"
"1","
class 6:  "
"1"," 0.0002"
"1"," 0.0000"
"1"," 0.1566"
"1"," 0.0000"
"1"," 0.7782"
"1"," 0.0000"
"1"," 0.0000"
"1"," 0.0650"
"1","
class 7:  "
"1"," 0.4121"
"1"," 0.0126"
"1"," 0.1265"
"1"," 0.1518"
"1"," 0.2528"
"1"," 0.0126"
"1"," 0.0000"
"1"," 0.0315"
"1","
class 8:  "
"1"," 0.1091"
"1"," 0.0000"
"1"," 0.0000"
"1"," 0.0125"
"1"," 0.5408"
"1"," 0.0050"
"1"," 0.0021"
"1"," 0.3306"
"1","
class 9:  "
"1"," 0.5149"
"1"," 0.0000"
"1"," 0.0622"
"1"," 0.0000"
"1"," 0.1045"
"1"," 0.0000"
"1"," 0.0454"
"1"," 0.2730"
"1","
class 10: "
"1"," 0.7487"
"1"," 0.0000"
"1"," 0.2086"
"1"," 0.0000"
"1"," 0.0281"
"1"," 0.0000"
"1"," 0.0077"
"1"," 0.0069"
"1","
"
"1","
"
"1","$cond_vacaciones
"
"1","          "
"1","  Pr(1)"
"1","  Pr(2)"
"1","
class 1:  "
"1"," 0.0000"
"1"," 1.0000"
"1","
class 2:  "
"1"," 1.0000"
"1"," 0.0000"
"1","
class 3:  "
"1"," 0.0000"
"1"," 1.0000"
"1","
class 4:  "
"1"," 0.0093"
"1"," 0.9907"
"1","
class 5:  "
"1"," 0.3142"
"1"," 0.6858"
"1","
class 6:  "
"1"," 0.0078"
"1"," 0.9922"
"1","
class 7:  "
"1"," 1.0000"
"1"," 0.0000"
"1","
class 8:  "
"1"," 0.7679"
"1"," 0.2321"
"1","
class 9:  "
"1"," 0.9683"
"1"," 0.0317"
"1","
class 10: "
"1"," 0.4094"
"1"," 0.5906"
"1","
"
"1","
"
"1","$cond_enfermedad
"
"1","          "
"1","  Pr(1)"
"1","  Pr(2)"
"1","
class 1:  "
"1"," 0.0092"
"1"," 0.9908"
"1","
class 2:  "
"1"," 1.0000"
"1"," 0.0000"
"1","
class 3:  "
"1"," 0.0571"
"1"," 0.9429"
"1","
class 4:  "
"1"," 0.0057"
"1"," 0.9943"
"1","
class 5:  "
"1"," 0.0156"
"1"," 0.9844"
"1","
class 6:  "
"1"," 0.0036"
"1"," 0.9964"
"1","
class 7:  "
"1"," 1.0000"
"1"," 0.0000"
"1","
class 8:  "
"1"," 0.0000"
"1"," 1.0000"
"1","
class 9:  "
"1"," 0.8117"
"1"," 0.1883"
"1","
class 10: "
"1"," 0.0316"
"1"," 0.9684"
"1","
"
"1","
"
"1","$cond_maternidad
"
"1","          "
"1","  Pr(1)"
"1","  Pr(2)"
"1","
class 1:  "
"1"," 0.0599"
"1"," 0.9401"
"1","
class 2:  "
"1"," 1.0000"
"1"," 0.0000"
"1","
class 3:  "
"1"," 0.2699"
"1"," 0.7301"
"1","
class 4:  "
"1"," 0.0034"
"1"," 0.9966"
"1","
class 5:  "
"1"," 0.0670"
"1"," 0.9330"
"1","
class 6:  "
"1"," 0.0026"
"1"," 0.9974"
"1","
class 7:  "
"1"," 1.0000"
"1"," 0.0000"
"1","
class 8:  "
"1"," 0.2369"
"1"," 0.7631"
"1","
class 9:  "
"1"," 1.0000"
"1"," 0.0000"
"1","
class 10: "
"1"," 0.1494"
"1"," 0.8506"
"1","
"
"1","
"
"1","$cond_guarderia
"
"1","          "
"1","  Pr(1)"
"1","  Pr(2)"
"1","
class 1:  "
"1"," 0.7736"
"1"," 0.2264"
"1","
class 2:  "
"1"," 1.0000"
"1"," 0.0000"
"1","
class 3:  "
"1"," 0.7933"
"1"," 0.2067"
"1","
class 4:  "
"1"," 0.2700"
"1"," 0.7300"
"1","
class 5:  "
"1"," 0.7731"
"1"," 0.2269"
"1","
class 6:  "
"1"," 0.6799"
"1"," 0.3201"
"1","
class 7:  "
"1"," 1.0000"
"1"," 0.0000"
"1","
class 8:  "
"1"," 0.9716"
"1"," 0.0284"
"1","
class 9:  "
"1"," 1.0000"
"1"," 0.0000"
"1","
class 10: "
"1"," 1.0000"
"1"," 0.0000"
"1","
"
"1","
"
"1","$horas
"
"1","          "
"1","  Pr(1)"
"1","  Pr(2)"
"1","  Pr(3)"
"1","
class 1:  "
"1"," 0.8554"
"1"," 0.0021"
"1"," 0.1425"
"1","
class 2:  "
"1"," 0.7510"
"1"," 0.1728"
"1"," 0.0761"
"1","
class 3:  "
"1"," 0.8968"
"1"," 0.1032"
"1"," 0.0000"
"1","
class 4:  "
"1"," 0.8582"
"1"," 0.0659"
"1"," 0.0759"
"1","
class 5:  "
"1"," 0.3901"
"1"," 0.5819"
"1"," 0.0280"
"1","
class 6:  "
"1"," 0.8744"
"1"," 0.0172"
"1"," 0.1084"
"1","
class 7:  "
"1"," 0.5829"
"1"," 0.3095"
"1"," 0.1076"
"1","
class 8:  "
"1"," 0.9586"
"1"," 0.0083"
"1"," 0.0331"
"1","
class 9:  "
"1"," 0.6938"
"1"," 0.1324"
"1"," 0.1738"
"1","
class 10: "
"1"," 0.8187"
"1"," 0.0000"
"1"," 0.1813"
"1","
"
"1","
"
"1","Estimated class population shares 
"
"1"," "
"1","0.3085"
"1"," "
"1","0.0356"
"1"," "
"1","0.0138"
"1"," "
"1","0.2459"
"1"," "
"1","0.062"
"1"," "
"1","0.1017"
"1"," "
"1","0.0312"
"1"," "
"1","0.0799"
"1"," "
"1","0.0309"
"1"," "
"1","0.0905"
"1"," "
"1","
 
"
"1","Predicted class memberships (by modal posterior prob.) 
"
"1"," "
"1","0.3224"
"1"," "
"1","0.036"
"1"," "
"1","0.0134"
"1"," "
"1","0.2331"
"1"," "
"1","0.0478"
"1"," "
"1","0.1008"
"1"," "
"1","0.0308"
"1"," "
"1","0.0735"
"1"," "
"1","0.0284"
"1"," "
"1","0.1138"
"1"," "
"1","
 
"
"1","========================================================= 
"
"1","Fit for"
"1"," "
"1","10"
"1"," "
"1","latent classes: 
"
"1","========================================================= 
"
"1","number of observations:"
"1"," "
"1","2531"
"1"," "
"1","
"
"1","number of estimated parameters:"
"1"," "
"1","239"
"1"," "
"1","
"
"1","residual degrees of freedom:"
"1"," "
"1","2292"
"1"," "
"1","
"
"1","maximum log-likelihood:"
"1"," "
"1","-15524.02"
"1"," "
"1","
 
"
"1","AIC("
"1",""
"1","10"
"1",""
"1","): "
"1",""
"1","31526.04"
"1",""
"1","
"
"1","BIC("
"1",""
"1","10"
"1",""
"1","): "
"1",""
"1","32920.93"
"1",""
"1","
"
"1","G^2("
"1",""
"1","10"
"1",""
"1","): "
"1",""
"1","2488.236"
"1",""
"1"," (Likelihood ratio/deviance statistic) 
"
"1","X^2("
"1",""
"1","10"
"1",""
"1","): "
"1",""
"1","54184.52"
"1",""
"1"," (Chi-square goodness of fit) 
 
"
"0","lc11=poLCA(f, base_proc, nclass=11, graphs = F, maxiter = 5000, nrep = 3, tol=0.000001000)"
"1","Model "
"1",""
"1","1"
"1",""
"1",": llik = "
"1",""
"1","-15492.32"
"1",""
"1"," ... best llik = "
"1",""
"1","-15492.32"
"1",""
"1","
"
"1","Model "
"1",""
"1","2"
"1",""
"1",": llik = "
"1",""
"1","-15522.1"
"1",""
"1"," ... best llik = "
"1",""
"1","-15492.32"
"1",""
"1","
"
"1","Model "
"1",""
"1","3"
"1",""
"1",": llik = "
"1",""
"1","-15512.76"
"1",""
"1"," ... best llik = "
"1",""
"1","-15492.32"
"1",""
"1","
"
"1","Conditional item response (column) probabilities,
 by outcome variable, for each class (row) 
 
"
"1","$contrato
"
"1","          "
"1","  Pr(1)"
"1","  Pr(2)"
"1","
class 1:  "
"1"," 0.9324"
"1"," 0.0676"
"1","
class 2:  "
"1"," 0.0721"
"1"," 0.9279"
"1","
class 3:  "
"1"," 0.0022"
"1"," 0.9978"
"1","
class 4:  "
"1"," 0.0605"
"1"," 0.9395"
"1","
class 5:  "
"1"," 0.0000"
"1"," 1.0000"
"1","
class 6:  "
"1"," 0.0784"
"1"," 0.9216"
"1","
class 7:  "
"1"," 0.0019"
"1"," 0.9981"
"1","
class 8:  "
"1"," 0.0168"
"1"," 0.9832"
"1","
class 9:  "
"1"," 0.0000"
"1"," 1.0000"
"1","
class 10: "
"1"," 0.0000"
"1"," 1.0000"
"1","
class 11: "
"1"," 0.0000"
"1"," 1.0000"
"1","
"
"1","
"
"1","$contrato_duracion
"
"1","          "
"1","  Pr(1)"
"1","  Pr(2)"
"1","
class 1:  "
"1"," 0.8907"
"1"," 0.1093"
"1","
class 2:  "
"1"," 0.8872"
"1"," 0.1128"
"1","
class 3:  "
"1"," 0.4199"
"1"," 0.5801"
"1","
class 4:  "
"1"," 0.9647"
"1"," 0.0353"
"1","
class 5:  "
"1"," 0.9907"
"1"," 0.0093"
"1","
class 6:  "
"1"," 0.2422"
"1"," 0.7578"
"1","
class 7:  "
"1"," 0.2507"
"1"," 0.7493"
"1","
class 8:  "
"1"," 0.9407"
"1"," 0.0593"
"1","
class 9:  "
"1"," 0.3557"
"1"," 0.6443"
"1","
class 10: "
"1"," 0.0000"
"1"," 1.0000"
"1","
class 11: "
"1"," 0.1689"
"1"," 0.8311"
"1","
"
"1","
"
"1","$contrato_sub
"
"1","          "
"1","  Pr(1)"
"1","  Pr(2)"
"1","  Pr(3)"
"1","
class 1:  "
"1"," 0.5351"
"1"," 0.3504"
"1"," 0.1146"
"1","
class 2:  "
"1"," 0.9023"
"1"," 0.0977"
"1"," 0.0000"
"1","
class 3:  "
"1"," 0.6066"
"1"," 0.0000"
"1"," 0.3934"
"1","
class 4:  "
"1"," 0.3866"
"1"," 0.0000"
"1"," 0.6134"
"1","
class 5:  "
"1"," 0.9236"
"1"," 0.0000"
"1"," 0.0764"
"1","
class 6:  "
"1"," 0.9703"
"1"," 0.0000"
"1"," 0.0297"
"1","
class 7:  "
"1"," 0.1636"
"1"," 0.0000"
"1"," 0.8364"
"1","
class 8:  "
"1"," 0.4745"
"1"," 0.4949"
"1"," 0.0306"
"1","
class 9:  "
"1"," 0.4730"
"1"," 0.0000"
"1"," 0.5270"
"1","
class 10: "
"1"," 0.7574"
"1"," 0.0000"
"1"," 0.2426"
"1","
class 11: "
"1"," 0.9255"
"1"," 0.0000"
"1"," 0.0745"
"1","
"
"1","
"
"1","$cotiza_prev
"
"1","          "
"1","  Pr(1)"
"1","  Pr(2)"
"1","
class 1:  "
"1"," 0.9923"
"1"," 0.0077"
"1","
class 2:  "
"1"," 0.0540"
"1"," 0.9460"
"1","
class 3:  "
"1"," 0.0090"
"1"," 0.9910"
"1","
class 4:  "
"1"," 0.0160"
"1"," 0.9840"
"1","
class 5:  "
"1"," 0.0098"
"1"," 0.9902"
"1","
class 6:  "
"1"," 1.0000"
"1"," 0.0000"
"1","
class 7:  "
"1"," 0.0037"
"1"," 0.9963"
"1","
class 8:  "
"1"," 0.0000"
"1"," 1.0000"
"1","
class 9:  "
"1"," 0.1479"
"1"," 0.8521"
"1","
class 10: "
"1"," 0.0147"
"1"," 0.9853"
"1","
class 11: "
"1"," 0.0075"
"1"," 0.9925"
"1","
"
"1","
"
"1","$cotiza_salud
"
"1","          "
"1","  Pr(1)"
"1","  Pr(2)"
"1","
class 1:  "
"1"," 0.9932"
"1"," 0.0068"
"1","
class 2:  "
"1"," 0.0370"
"1"," 0.9630"
"1","
class 3:  "
"1"," 0.0000"
"1"," 1.0000"
"1","
class 4:  "
"1"," 0.0140"
"1"," 0.9860"
"1","
class 5:  "
"1"," 0.0039"
"1"," 0.9961"
"1","
class 6:  "
"1"," 0.1163"
"1"," 0.8837"
"1","
class 7:  "
"1"," 0.0000"
"1"," 1.0000"
"1","
class 8:  "
"1"," 0.0000"
"1"," 1.0000"
"1","
class 9:  "
"1"," 0.0142"
"1"," 0.9858"
"1","
class 10: "
"1"," 0.0033"
"1"," 0.9967"
"1","
class 11: "
"1"," 0.0000"
"1"," 1.0000"
"1","
"
"1","
"
"1","$cotiza_seguro
"
"1","          "
"1","  Pr(1)"
"1","  Pr(2)"
"1","
class 1:  "
"1"," 1.0000"
"1"," 0.0000"
"1","
class 2:  "
"1"," 0.0720"
"1"," 0.9280"
"1","
class 3:  "
"1"," 0.0000"
"1"," 1.0000"
"1","
class 4:  "
"1"," 0.2373"
"1"," 0.7627"
"1","
class 5:  "
"1"," 0.0249"
"1"," 0.9751"
"1","
class 6:  "
"1"," 1.0000"
"1"," 0.0000"
"1","
class 7:  "
"1"," 0.4355"
"1"," 0.5645"
"1","
class 8:  "
"1"," 0.0531"
"1"," 0.9469"
"1","
class 9:  "
"1"," 0.8198"
"1"," 0.1802"
"1","
class 10: "
"1"," 0.0230"
"1"," 0.9770"
"1","
class 11: "
"1"," 0.0000"
"1"," 1.0000"
"1","
"
"1","
"
"1","$ingresos
"
"1","          "
"1","  Pr(1)"
"1","  Pr(2)"
"1","  Pr(3)"
"1","  Pr(4)"
"1","
class 1:  "
"1"," 0.7372"
"1"," 0.1366"
"1"," 0.0966"
"1"," 0.0297"
"1","
class 2:  "
"1"," 0.4421"
"1"," 0.3953"
"1"," 0.0414"
"1"," 0.1212"
"1","
class 3:  "
"1"," 0.5290"
"1"," 0.4073"
"1"," 0.0637"
"1"," 0.0000"
"1","
class 4:  "
"1"," 0.5826"
"1"," 0.2009"
"1"," 0.1825"
"1"," 0.0340"
"1","
class 5:  "
"1"," 0.2552"
"1"," 0.1974"
"1"," 0.2753"
"1"," 0.2721"
"1","
class 6:  "
"1"," 0.0000"
"1"," 0.5961"
"1"," 0.3155"
"1"," 0.0884"
"1","
class 7:  "
"1"," 0.0347"
"1"," 0.2176"
"1"," 0.3788"
"1"," 0.3689"
"1","
class 8:  "
"1"," 0.5586"
"1"," 0.2872"
"1"," 0.1376"
"1"," 0.0166"
"1","
class 9:  "
"1"," 0.2879"
"1"," 0.1703"
"1"," 0.0000"
"1"," 0.5418"
"1","
class 10: "
"1"," 0.0351"
"1"," 0.2880"
"1"," 0.3994"
"1"," 0.2775"
"1","
class 11: "
"1"," 0.0396"
"1"," 0.1528"
"1"," 0.3949"
"1"," 0.4126"
"1","
"
"1","
"
"1","$lugar_trab
"
"1","          "
"1","  Pr(1)"
"1","  Pr(2)"
"1","  Pr(3)"
"1","  Pr(4)"
"1","  Pr(5)"
"1","  Pr(6)"
"1","  Pr(7)"
"1","  Pr(8)"
"1","
class 1:  "
"1"," 0.1984"
"1"," 0.0059"
"1"," 0.0594"
"1"," 0.0713"
"1"," 0.1187"
"1"," 0.0059"
"1"," 0.0000"
"1"," 0.5404"
"1","
class 2:  "
"1"," 0.3811"
"1"," 0.0000"
"1"," 0.0508"
"1"," 0.0000"
"1"," 0.1378"
"1"," 0.0000"
"1"," 0.0212"
"1"," 0.4091"
"1","
class 3:  "
"1"," 0.8369"
"1"," 0.0000"
"1"," 0.1231"
"1"," 0.0072"
"1"," 0.0000"
"1"," 0.0032"
"1"," 0.0179"
"1"," 0.0117"
"1","
class 4:  "
"1"," 0.8019"
"1"," 0.0000"
"1"," 0.1407"
"1"," 0.0242"
"1"," 0.0000"
"1"," 0.0000"
"1"," 0.0333"
"1"," 0.0000"
"1","
class 5:  "
"1"," 0.2864"
"1"," 0.0000"
"1"," 0.0917"
"1"," 0.0044"
"1"," 0.5631"
"1"," 0.0000"
"1"," 0.0077"
"1"," 0.0467"
"1","
class 6:  "
"1"," 0.7290"
"1"," 0.0000"
"1"," 0.1539"
"1"," 0.0000"
"1"," 0.0781"
"1"," 0.0390"
"1"," 0.0000"
"1"," 0.0000"
"1","
class 7:  "
"1"," 0.7689"
"1"," 0.0000"
"1"," 0.0204"
"1"," 0.0067"
"1"," 0.0000"
"1"," 0.0051"
"1"," 0.1990"
"1"," 0.0000"
"1","
class 8:  "
"1"," 0.0746"
"1"," 0.0000"
"1"," 0.0000"
"1"," 0.0000"
"1"," 0.0000"
"1"," 0.0167"
"1"," 0.0000"
"1"," 0.9086"
"1","
class 9:  "
"1"," 0.5447"
"1"," 0.0259"
"1"," 0.0533"
"1"," 0.0000"
"1"," 0.0000"
"1"," 0.0000"
"1"," 0.3761"
"1"," 0.0000"
"1","
class 10: "
"1"," 0.6722"
"1"," 0.0037"
"1"," 0.2393"
"1"," 0.0207"
"1"," 0.0195"
"1"," 0.0000"
"1"," 0.0072"
"1"," 0.0376"
"1","
class 11: "
"1"," 0.4078"
"1"," 0.0000"
"1"," 0.1138"
"1"," 0.0062"
"1"," 0.3545"
"1"," 0.0040"
"1"," 0.0823"
"1"," 0.0316"
"1","
"
"1","
"
"1","$cond_vacaciones
"
"1","          "
"1","  Pr(1)"
"1","  Pr(2)"
"1","
class 1:  "
"1"," 1.0000"
"1"," 0.0000"
"1","
class 2:  "
"1"," 0.9552"
"1"," 0.0448"
"1","
class 3:  "
"1"," 0.0103"
"1"," 0.9897"
"1","
class 4:  "
"1"," 1.0000"
"1"," 0.0000"
"1","
class 5:  "
"1"," 0.5537"
"1"," 0.4463"
"1","
class 6:  "
"1"," 0.0000"
"1"," 1.0000"
"1","
class 7:  "
"1"," 0.0046"
"1"," 0.9954"
"1","
class 8:  "
"1"," 0.8292"
"1"," 0.1708"
"1","
class 9:  "
"1"," 0.0134"
"1"," 0.9866"
"1","
class 10: "
"1"," 0.0000"
"1"," 1.0000"
"1","
class 11: "
"1"," 0.0055"
"1"," 0.9945"
"1","
"
"1","
"
"1","$cond_enfermedad
"
"1","          "
"1","  Pr(1)"
"1","  Pr(2)"
"1","
class 1:  "
"1"," 1.0000"
"1"," 0.0000"
"1","
class 2:  "
"1"," 0.8460"
"1"," 0.1540"
"1","
class 3:  "
"1"," 0.0041"
"1"," 0.9959"
"1","
class 4:  "
"1"," 0.2054"
"1"," 0.7946"
"1","
class 5:  "
"1"," 0.0074"
"1"," 0.9926"
"1","
class 6:  "
"1"," 0.0783"
"1"," 0.9217"
"1","
class 7:  "
"1"," 0.0069"
"1"," 0.9931"
"1","
class 8:  "
"1"," 0.0000"
"1"," 1.0000"
"1","
class 9:  "
"1"," 0.0189"
"1"," 0.9811"
"1","
class 10: "
"1"," 0.0194"
"1"," 0.9806"
"1","
class 11: "
"1"," 0.0000"
"1"," 1.0000"
"1","
"
"1","
"
"1","$cond_maternidad
"
"1","          "
"1","  Pr(1)"
"1","  Pr(2)"
"1","
class 1:  "
"1"," 1.0000"
"1"," 0.0000"
"1","
class 2:  "
"1"," 1.0000"
"1"," 0.0000"
"1","
class 3:  "
"1"," 0.0332"
"1"," 0.9668"
"1","
class 4:  "
"1"," 0.3848"
"1"," 0.6152"
"1","
class 5:  "
"1"," 0.1809"
"1"," 0.8191"
"1","
class 6:  "
"1"," 0.3122"
"1"," 0.6878"
"1","
class 7:  "
"1"," 0.0000"
"1"," 1.0000"
"1","
class 8:  "
"1"," 0.1908"
"1"," 0.8092"
"1","
class 9:  "
"1"," 0.0869"
"1"," 0.9131"
"1","
class 10: "
"1"," 0.1294"
"1"," 0.8706"
"1","
class 11: "
"1"," 0.0000"
"1"," 1.0000"
"1","
"
"1","
"
"1","$cond_guarderia
"
"1","          "
"1","  Pr(1)"
"1","  Pr(2)"
"1","
class 1:  "
"1"," 1.0000"
"1"," 0.0000"
"1","
class 2:  "
"1"," 1.0000"
"1"," 0.0000"
"1","
class 3:  "
"1"," 0.7663"
"1"," 0.2337"
"1","
class 4:  "
"1"," 0.9403"
"1"," 0.0597"
"1","
class 5:  "
"1"," 0.9643"
"1"," 0.0357"
"1","
class 6:  "
"1"," 0.7887"
"1"," 0.2113"
"1","
class 7:  "
"1"," 0.2392"
"1"," 0.7608"
"1","
class 8:  "
"1"," 0.9767"
"1"," 0.0233"
"1","
class 9:  "
"1"," 0.6354"
"1"," 0.3646"
"1","
class 10: "
"1"," 1.0000"
"1"," 0.0000"
"1","
class 11: "
"1"," 0.5614"
"1"," 0.4386"
"1","
"
"1","
"
"1","$horas
"
"1","          "
"1","  Pr(1)"
"1","  Pr(2)"
"1","  Pr(3)"
"1","
class 1:  "
"1"," 0.6727"
"1"," 0.2375"
"1"," 0.0898"
"1","
class 2:  "
"1"," 0.8186"
"1"," 0.0377"
"1"," 0.1437"
"1","
class 3:  "
"1"," 0.7618"
"1"," 0.1332"
"1"," 0.1051"
"1","
class 4:  "
"1"," 0.4498"
"1"," 0.3217"
"1"," 0.2285"
"1","
class 5:  "
"1"," 0.8916"
"1"," 0.0189"
"1"," 0.0895"
"1","
class 6:  "
"1"," 1.0000"
"1"," 0.0000"
"1"," 0.0000"
"1","
class 7:  "
"1"," 0.8688"
"1"," 0.0444"
"1"," 0.0868"
"1","
class 8:  "
"1"," 0.9994"
"1"," 0.0000"
"1"," 0.0006"
"1","
class 9:  "
"1"," 0.6883"
"1"," 0.3117"
"1"," 0.0000"
"1","
class 10: "
"1"," 0.7723"
"1"," 0.0078"
"1"," 0.2199"
"1","
class 11: "
"1"," 0.9249"
"1"," 0.0045"
"1"," 0.0707"
"1","
"
"1","
"
"1","Estimated class population shares 
"
"1"," "
"1","0.0665"
"1"," "
"1","0.022"
"1"," "
"1","0.1763"
"1"," "
"1","0.0453"
"1"," "
"1","0.1102"
"1"," "
"1","0.0101"
"1"," "
"1","0.2062"
"1"," "
"1","0.0236"
"1"," "
"1","0.0286"
"1"," "
"1","0.1213"
"1"," "
"1","0.1898"
"1"," "
"1","
 
"
"1","Predicted class memberships (by modal posterior prob.) 
"
"1"," "
"1","0.0664"
"1"," "
"1","0.0202"
"1"," "
"1","0.1995"
"1"," "
"1","0.0458"
"1"," "
"1","0.1067"
"1"," "
"1","0.0099"
"1"," "
"1","0.1948"
"1"," "
"1","0.0257"
"1"," "
"1","0.0221"
"1"," "
"1","0.1331"
"1"," "
"1","0.1758"
"1"," "
"1","
 
"
"1","========================================================= 
"
"1","Fit for"
"1"," "
"1","11"
"1"," "
"1","latent classes: 
"
"1","========================================================= 
"
"1","number of observations:"
"1"," "
"1","2531"
"1"," "
"1","
"
"1","number of estimated parameters:"
"1"," "
"1","263"
"1"," "
"1","
"
"1","residual degrees of freedom:"
"1"," "
"1","2268"
"1"," "
"1","
"
"1","maximum log-likelihood:"
"1"," "
"1","-15492.32"
"1"," "
"1","
 
"
"1","AIC("
"1",""
"1","11"
"1",""
"1","): "
"1",""
"1","31510.63"
"1",""
"1","
"
"1","BIC("
"1",""
"1","11"
"1",""
"1","): "
"1",""
"1","33045.6"
"1",""
"1","
"
"1","G^2("
"1",""
"1","11"
"1",""
"1","): "
"1",""
"1","2424.828"
"1",""
"1"," (Likelihood ratio/deviance statistic) 
"
"1","X^2("
"1",""
"1","11"
"1",""
"1","): "
"1",""
"1","61656.54"
"1",""
"1"," (Chi-square goodness of fit) 
 
"
"0","lc12=poLCA(f, base_proc, nclass=12, graphs = F, maxiter = 5000, nrep = 3, tol=0.000001000)"
"1","Model "
"1",""
"1","1"
"1",""
"1",": llik = "
"1",""
"1","-15435.49"
"1",""
"1"," ... best llik = "
"1",""
"1","-15435.49"
"1",""
"1","
"
"1","Model "
"1",""
"1","2"
"1",""
"1",": llik = "
"1",""
"1","-15417.14"
"1",""
"1"," ... best llik = "
"1",""
"1","-15417.14"
"1",""
"1","
"
"1","Model "
"1",""
"1","3"
"1",""
"1",": llik = "
"1",""
"1","-15448.51"
"1",""
"1"," ... best llik = "
"1",""
"1","-15417.14"
"1",""
"1","
"
"1","Conditional item response (column) probabilities,
 by outcome variable, for each class (row) 
 
"
"1","$contrato
"
"1","          "
"1","  Pr(1)"
"1","  Pr(2)"
"1","
class 1:  "
"1"," 0.0137"
"1"," 0.9863"
"1","
class 2:  "
"1"," 0.0045"
"1"," 0.9955"
"1","
class 3:  "
"1"," 0.0744"
"1"," 0.9256"
"1","
class 4:  "
"1"," 0.0641"
"1"," 0.9359"
"1","
class 5:  "
"1"," 0.0830"
"1"," 0.9170"
"1","
class 6:  "
"1"," 0.9761"
"1"," 0.0239"
"1","
class 7:  "
"1"," 0.0000"
"1"," 1.0000"
"1","
class 8:  "
"1"," 0.0000"
"1"," 1.0000"
"1","
class 9:  "
"1"," 0.8662"
"1"," 0.1338"
"1","
class 10: "
"1"," 0.0000"
"1"," 1.0000"
"1","
class 11: "
"1"," 0.0000"
"1"," 1.0000"
"1","
class 12: "
"1"," 0.0020"
"1"," 0.9980"
"1","
"
"1","
"
"1","$contrato_duracion
"
"1","          "
"1","  Pr(1)"
"1","  Pr(2)"
"1","
class 1:  "
"1"," 0.2695"
"1"," 0.7305"
"1","
class 2:  "
"1"," 0.9730"
"1"," 0.0270"
"1","
class 3:  "
"1"," 0.8961"
"1"," 0.1039"
"1","
class 4:  "
"1"," 0.9774"
"1"," 0.0226"
"1","
class 5:  "
"1"," 0.2613"
"1"," 0.7387"
"1","
class 6:  "
"1"," 0.9761"
"1"," 0.0239"
"1","
class 7:  "
"1"," 0.3524"
"1"," 0.6476"
"1","
class 8:  "
"1"," 0.0391"
"1"," 0.9609"
"1","
class 9:  "
"1"," 0.7710"
"1"," 0.2290"
"1","
class 10: "
"1"," 0.0000"
"1"," 1.0000"
"1","
class 11: "
"1"," 0.9558"
"1"," 0.0442"
"1","
class 12: "
"1"," 0.2836"
"1"," 0.7164"
"1","
"
"1","
"
"1","$contrato_sub
"
"1","          "
"1","  Pr(1)"
"1","  Pr(2)"
"1","  Pr(3)"
"1","
class 1:  "
"1"," 0.5577"
"1"," 0.0000"
"1"," 0.4423"
"1","
class 2:  "
"1"," 0.8126"
"1"," 0.1204"
"1"," 0.0670"
"1","
class 3:  "
"1"," 0.8903"
"1"," 0.1097"
"1"," 0.0000"
"1","
class 4:  "
"1"," 0.4128"
"1"," 0.0000"
"1"," 0.5872"
"1","
class 5:  "
"1"," 0.9811"
"1"," 0.0000"
"1"," 0.0189"
"1","
class 6:  "
"1"," 0.2939"
"1"," 0.6529"
"1"," 0.0531"
"1","
class 7:  "
"1"," 0.9463"
"1"," 0.0000"
"1"," 0.0537"
"1","
class 8:  "
"1"," 0.6821"
"1"," 0.0000"
"1"," 0.3179"
"1","
class 9:  "
"1"," 0.8015"
"1"," 0.0000"
"1"," 0.1985"
"1","
class 10: "
"1"," 0.7793"
"1"," 0.0000"
"1"," 0.2207"
"1","
class 11: "
"1"," 0.5703"
"1"," 0.0000"
"1"," 0.4297"
"1","
class 12: "
"1"," 0.2105"
"1"," 0.0000"
"1"," 0.7895"
"1","
"
"1","
"
"1","$cotiza_prev
"
"1","          "
"1","  Pr(1)"
"1","  Pr(2)"
"1","
class 1:  "
"1"," 0.0415"
"1"," 0.9585"
"1","
class 2:  "
"1"," 0.0045"
"1"," 0.9955"
"1","
class 3:  "
"1"," 0.0404"
"1"," 0.9596"
"1","
class 4:  "
"1"," 0.0197"
"1"," 0.9803"
"1","
class 5:  "
"1"," 1.0000"
"1"," 0.0000"
"1","
class 6:  "
"1"," 1.0000"
"1"," 0.0000"
"1","
class 7:  "
"1"," 0.0112"
"1"," 0.9888"
"1","
class 8:  "
"1"," 0.0000"
"1"," 1.0000"
"1","
class 9:  "
"1"," 0.9659"
"1"," 0.0341"
"1","
class 10: "
"1"," 0.0262"
"1"," 0.9738"
"1","
class 11: "
"1"," 0.0077"
"1"," 0.9923"
"1","
class 12: "
"1"," 0.0213"
"1"," 0.9787"
"1","
"
"1","
"
"1","$cotiza_salud
"
"1","          "
"1","  Pr(1)"
"1","  Pr(2)"
"1","
class 1:  "
"1"," 0.0000"
"1"," 1.0000"
"1","
class 2:  "
"1"," 0.0053"
"1"," 0.9947"
"1","
class 3:  "
"1"," 0.0328"
"1"," 0.9672"
"1","
class 4:  "
"1"," 0.0000"
"1"," 1.0000"
"1","
class 5:  "
"1"," 0.1244"
"1"," 0.8756"
"1","
class 6:  "
"1"," 1.0000"
"1"," 0.0000"
"1","
class 7:  "
"1"," 0.0000"
"1"," 1.0000"
"1","
class 8:  "
"1"," 0.0000"
"1"," 1.0000"
"1","
class 9:  "
"1"," 0.9671"
"1"," 0.0329"
"1","
class 10: "
"1"," 0.0019"
"1"," 0.9981"
"1","
class 11: "
"1"," 0.0038"
"1"," 0.9962"
"1","
class 12: "
"1"," 0.0027"
"1"," 0.9973"
"1","
"
"1","
"
"1","$cotiza_seguro
"
"1","          "
"1","  Pr(1)"
"1","  Pr(2)"
"1","
class 1:  "
"1"," 0.1357"
"1"," 0.8643"
"1","
class 2:  "
"1"," 0.0343"
"1"," 0.9657"
"1","
class 3:  "
"1"," 0.0589"
"1"," 0.9411"
"1","
class 4:  "
"1"," 0.2425"
"1"," 0.7575"
"1","
class 5:  "
"1"," 1.0000"
"1"," 0.0000"
"1","
class 6:  "
"1"," 1.0000"
"1"," 0.0000"
"1","
class 7:  "
"1"," 0.0000"
"1"," 1.0000"
"1","
class 8:  "
"1"," 0.0000"
"1"," 1.0000"
"1","
class 9:  "
"1"," 1.0000"
"1"," 0.0000"
"1","
class 10: "
"1"," 0.0322"
"1"," 0.9678"
"1","
class 11: "
"1"," 0.0427"
"1"," 0.9573"
"1","
class 12: "
"1"," 0.5269"
"1"," 0.4731"
"1","
"
"1","
"
"1","$ingresos
"
"1","          "
"1","  Pr(1)"
"1","  Pr(2)"
"1","  Pr(3)"
"1","  Pr(4)"
"1","
class 1:  "
"1"," 0.7984"
"1"," 0.0922"
"1"," 0.0979"
"1"," 0.0115"
"1","
class 2:  "
"1"," 0.3403"
"1"," 0.2035"
"1"," 0.2688"
"1"," 0.1873"
"1","
class 3:  "
"1"," 0.4279"
"1"," 0.4053"
"1"," 0.0428"
"1"," 0.1240"
"1","
class 4:  "
"1"," 0.6145"
"1"," 0.1600"
"1"," 0.1706"
"1"," 0.0549"
"1","
class 5:  "
"1"," 0.0000"
"1"," 0.6281"
"1"," 0.2755"
"1"," 0.0964"
"1","
class 6:  "
"1"," 0.8022"
"1"," 0.1200"
"1"," 0.0667"
"1"," 0.0112"
"1","
class 7:  "
"1"," 0.0527"
"1"," 0.0862"
"1"," 0.3011"
"1"," 0.5600"
"1","
class 8:  "
"1"," 0.1473"
"1"," 0.3487"
"1"," 0.4223"
"1"," 0.0817"
"1","
class 9:  "
"1"," 0.6618"
"1"," 0.1516"
"1"," 0.1369"
"1"," 0.0497"
"1","
class 10: "
"1"," 0.1599"
"1"," 0.2989"
"1"," 0.2665"
"1"," 0.2747"
"1","
class 11: "
"1"," 0.4466"
"1"," 0.4502"
"1"," 0.1032"
"1"," 0.0000"
"1","
class 12: "
"1"," 0.0506"
"1"," 0.1823"
"1"," 0.2981"
"1"," 0.4690"
"1","
"
"1","
"
"1","$lugar_trab
"
"1","          "
"1","  Pr(1)"
"1","  Pr(2)"
"1","  Pr(3)"
"1","  Pr(4)"
"1","  Pr(5)"
"1","  Pr(6)"
"1","  Pr(7)"
"1","  Pr(8)"
"1","
class 1:  "
"1"," 0.8506"
"1"," 0.0000"
"1"," 0.0324"
"1"," 0.0138"
"1"," 0.0000"
"1"," 0.0000"
"1"," 0.1032"
"1"," 0.0000"
"1","
class 2:  "
"1"," 0.2006"
"1"," 0.0000"
"1"," 0.0186"
"1"," 0.0072"
"1"," 0.4867"
"1"," 0.0042"
"1"," 0.0064"
"1"," 0.2763"
"1","
class 3:  "
"1"," 0.3634"
"1"," 0.0000"
"1"," 0.0542"
"1"," 0.0000"
"1"," 0.1442"
"1"," 0.0000"
"1"," 0.0227"
"1"," 0.4154"
"1","
class 4:  "
"1"," 0.8013"
"1"," 0.0000"
"1"," 0.1414"
"1"," 0.0231"
"1"," 0.0000"
"1"," 0.0000"
"1"," 0.0342"
"1"," 0.0000"
"1","
class 5:  "
"1"," 0.7521"
"1"," 0.0000"
"1"," 0.1652"
"1"," 0.0000"
"1"," 0.0826"
"1"," 0.0000"
"1"," 0.0000"
"1"," 0.0000"
"1","
class 6:  "
"1"," 0.0181"
"1"," 0.0000"
"1"," 0.0000"
"1"," 0.0000"
"1"," 0.0000"
"1"," 0.0000"
"1"," 0.0000"
"1"," 0.9819"
"1","
class 7:  "
"1"," 0.1618"
"1"," 0.0000"
"1"," 0.1510"
"1"," 0.0000"
"1"," 0.6271"
"1"," 0.0037"
"1"," 0.0000"
"1"," 0.0564"
"1","
class 8:  "
"1"," 0.8298"
"1"," 0.0000"
"1"," 0.0361"
"1"," 0.0135"
"1"," 0.0218"
"1"," 0.0000"
"1"," 0.0987"
"1"," 0.0000"
"1","
class 9:  "
"1"," 0.4235"
"1"," 0.0125"
"1"," 0.1246"
"1"," 0.1495"
"1"," 0.2491"
"1"," 0.0125"
"1"," 0.0000"
"1"," 0.0284"
"1","
class 10: "
"1"," 0.6294"
"1"," 0.0051"
"1"," 0.2766"
"1"," 0.0193"
"1"," 0.0125"
"1"," 0.0041"
"1"," 0.0121"
"1"," 0.0408"
"1","
class 11: "
"1"," 0.7651"
"1"," 0.0000"
"1"," 0.2116"
"1"," 0.0000"
"1"," 0.0024"
"1"," 0.0000"
"1"," 0.0141"
"1"," 0.0067"
"1","
class 12: "
"1"," 0.7261"
"1"," 0.0026"
"1"," 0.0194"
"1"," 0.0049"
"1"," 0.0000"
"1"," 0.0088"
"1"," 0.2382"
"1"," 0.0000"
"1","
"
"1","
"
"1","$cond_vacaciones
"
"1","          "
"1","  Pr(1)"
"1","  Pr(2)"
"1","
class 1:  "
"1"," 0.0000"
"1"," 1.0000"
"1","
class 2:  "
"1"," 0.7491"
"1"," 0.2509"
"1","
class 3:  "
"1"," 0.9503"
"1"," 0.0497"
"1","
class 4:  "
"1"," 1.0000"
"1"," 0.0000"
"1","
class 5:  "
"1"," 0.0000"
"1"," 1.0000"
"1","
class 6:  "
"1"," 1.0000"
"1"," 0.0000"
"1","
class 7:  "
"1"," 0.0083"
"1"," 0.9917"
"1","
class 8:  "
"1"," 0.0003"
"1"," 0.9997"
"1","
class 9:  "
"1"," 1.0000"
"1"," 0.0000"
"1","
class 10: "
"1"," 0.0000"
"1"," 1.0000"
"1","
class 11: "
"1"," 0.1751"
"1"," 0.8249"
"1","
class 12: "
"1"," 0.0069"
"1"," 0.9931"
"1","
"
"1","
"
"1","$cond_enfermedad
"
"1","          "
"1","  Pr(1)"
"1","  Pr(2)"
"1","
class 1:  "
"1"," 0.0218"
"1"," 0.9782"
"1","
class 2:  "
"1"," 0.0000"
"1"," 1.0000"
"1","
class 3:  "
"1"," 0.8704"
"1"," 0.1296"
"1","
class 4:  "
"1"," 0.2407"
"1"," 0.7593"
"1","
class 5:  "
"1"," 0.0830"
"1"," 0.9170"
"1","
class 6:  "
"1"," 1.0000"
"1"," 0.0000"
"1","
class 7:  "
"1"," 0.0034"
"1"," 0.9966"
"1","
class 8:  "
"1"," 0.0000"
"1"," 1.0000"
"1","
class 9:  "
"1"," 1.0000"
"1"," 0.0000"
"1","
class 10: "
"1"," 0.0203"
"1"," 0.9797"
"1","
class 11: "
"1"," 0.0000"
"1"," 1.0000"
"1","
class 12: "
"1"," 0.0089"
"1"," 0.9911"
"1","
"
"1","
"
"1","$cond_maternidad
"
"1","          "
"1","  Pr(1)"
"1","  Pr(2)"
"1","
class 1:  "
"1"," 0.0242"
"1"," 0.9758"
"1","
class 2:  "
"1"," 0.2277"
"1"," 0.7723"
"1","
class 3:  "
"1"," 1.0000"
"1"," 0.0000"
"1","
class 4:  "
"1"," 0.4231"
"1"," 0.5769"
"1","
class 5:  "
"1"," 0.3313"
"1"," 0.6687"
"1","
class 6:  "
"1"," 1.0000"
"1"," 0.0000"
"1","
class 7:  "
"1"," 0.0000"
"1"," 1.0000"
"1","
class 8:  "
"1"," 0.0000"
"1"," 1.0000"
"1","
class 9:  "
"1"," 1.0000"
"1"," 0.0000"
"1","
class 10: "
"1"," 0.1393"
"1"," 0.8607"
"1","
class 11: "
"1"," 0.0796"
"1"," 0.9204"
"1","
class 12: "
"1"," 0.0074"
"1"," 0.9926"
"1","
"
"1","
"
"1","$cond_guarderia
"
"1","          "
"1","  Pr(1)"
"1","  Pr(2)"
"1","
class 1:  "
"1"," 0.7221"
"1"," 0.2779"
"1","
class 2:  "
"1"," 0.9735"
"1"," 0.0265"
"1","
class 3:  "
"1"," 1.0000"
"1"," 0.0000"
"1","
class 4:  "
"1"," 0.9562"
"1"," 0.0438"
"1","
class 5:  "
"1"," 0.8382"
"1"," 0.1618"
"1","
class 6:  "
"1"," 1.0000"
"1"," 0.0000"
"1","
class 7:  "
"1"," 0.6658"
"1"," 0.3342"
"1","
class 8:  "
"1"," 0.5471"
"1"," 0.4529"
"1","
class 9:  "
"1"," 1.0000"
"1"," 0.0000"
"1","
class 10: "
"1"," 1.0000"
"1"," 0.0000"
"1","
class 11: "
"1"," 0.8704"
"1"," 0.1296"
"1","
class 12: "
"1"," 0.2581"
"1"," 0.7419"
"1","
"
"1","
"
"1","$horas
"
"1","          "
"1","  Pr(1)"
"1","  Pr(2)"
"1","  Pr(3)"
"1","
class 1:  "
"1"," 0.0000"
"1"," 1.0000"
"1"," 0.0000"
"1","
class 2:  "
"1"," 0.9455"
"1"," 0.0088"
"1"," 0.0457"
"1","
class 3:  "
"1"," 0.8491"
"1"," 0.0298"
"1"," 0.1211"
"1","
class 4:  "
"1"," 0.3384"
"1"," 0.3887"
"1"," 0.2729"
"1","
class 5:  "
"1"," 1.0000"
"1"," 0.0000"
"1"," 0.0000"
"1","
class 6:  "
"1"," 0.7506"
"1"," 0.1733"
"1"," 0.0761"
"1","
class 7:  "
"1"," 0.8889"
"1"," 0.0150"
"1"," 0.0962"
"1","
class 8:  "
"1"," 0.9113"
"1"," 0.0000"
"1"," 0.0887"
"1","
class 9:  "
"1"," 0.5833"
"1"," 0.3040"
"1"," 0.1127"
"1","
class 10: "
"1"," 0.7852"
"1"," 0.0000"
"1"," 0.2148"
"1","
class 11: "
"1"," 0.8889"
"1"," 0.0111"
"1"," 0.1000"
"1","
class 12: "
"1"," 0.8551"
"1"," 0.0641"
"1"," 0.0808"
"1","
"
"1","
"
"1","Estimated class population shares 
"
"1"," "
"1","0.0285"
"1"," "
"1","0.0958"
"1"," "
"1","0.021"
"1"," "
"1","0.0384"
"1"," "
"1","0.0095"
"1"," "
"1","0.0357"
"1"," "
"1","0.1264"
"1"," "
"1","0.183"
"1"," "
"1","0.0317"
"1"," "
"1","0.1279"
"1"," "
"1","0.1011"
"1"," "
"1","0.201"
"1"," "
"1","
 
"
"1","Predicted class memberships (by modal posterior prob.) 
"
"1"," "
"1","0.0288"
"1"," "
"1","0.0897"
"1"," "
"1","0.0198"
"1"," "
"1","0.0348"
"1"," "
"1","0.0095"
"1"," "
"1","0.036"
"1"," "
"1","0.1098"
"1"," "
"1","0.2323"
"1"," "
"1","0.0316"
"1"," "
"1","0.115"
"1"," "
"1","0.1094"
"1"," "
"1","0.1833"
"1"," "
"1","
 
"
"1","========================================================= 
"
"1","Fit for"
"1"," "
"1","12"
"1"," "
"1","latent classes: 
"
"1","========================================================= 
"
"1","number of observations:"
"1"," "
"1","2531"
"1"," "
"1","
"
"1","number of estimated parameters:"
"1"," "
"1","287"
"1"," "
"1","
"
"1","residual degrees of freedom:"
"1"," "
"1","2244"
"1"," "
"1","
"
"1","maximum log-likelihood:"
"1"," "
"1","-15417.14"
"1"," "
"1","
 
"
"1","AIC("
"1",""
"1","12"
"1",""
"1","): "
"1",""
"1","31408.28"
"1",""
"1","
"
"1","BIC("
"1",""
"1","12"
"1",""
"1","): "
"1",""
"1","33083.32"
"1",""
"1","
"
"1","G^2("
"1",""
"1","12"
"1",""
"1","): "
"1",""
"1","2274.477"
"1",""
"1"," (Likelihood ratio/deviance statistic) 
"
"1","X^2("
"1",""
"1","12"
"1",""
"1","): "
"1",""
"1","46765.75"
"1",""
"1"," (Chi-square goodness of fit) 
 
"
